Workbook

Sheet ANJALI
A1: STAFF | B1: Vehicle No | C1: Owner Name | D1: Fitness Validity | E1: GVW (In Kg.) | F1: Registration Date | G1: CONTACT | H1: MESSAGE | I1: RESPONSE
A2: ANJALI-8141489538 | B2: GJ36W2626 | C2: PRAVINABEN DAKSHINI | D2: 46023 | E2: 818 | F2: 45323 | G2: 7621002850 | H2: ="💬 *TORQUE AUTO ADVISOR – FITNESS / PASSING REMINDER* " & CHAR(10) & "📍 *Morbi*" & CHAR(10) & CHAR(10) & "🧾 *શ્રી " & C2 & " sir*, તમારી ગાડી *" & B2 & "* નું *પાસિંગ (Fitness) તા. " & TEXT(D2,"DD-MM-yyyy") & "* એ પૂરું થાય છે." & CHAR(10) & CHAR(10) & "⚠️ પાસિંગ સમયસર ન કરાવવાથી ઓનલાઇન મેમો આવી શકે છે. કૃપા કરીને પાસિંગ નિયમિત રીતે કરાવજો.પાસિંગ ચાલુ ના હોય તો વીમા ક્લેમ પાસ થતો નથી." & CHAR(10) & CHAR(10) & "✅ અમારી પાસે પાસિંગ, પરમીટ, લાઇસન્સ, નામ ટ્રાન્સફર, વીમો વગેરે RTO ને લગતી તમામ સર્વિસ ઉપલબ્ધ છે. —" & CHAR(10) & "📞 સંપર્ક કરો: " & A2 & " | 8141488962" & CHAR(10) & CHAR(10) & "🏢 *ટોર્ક ઓટો એડવાઇઝર*" & CHAR(10) & "બીજા માળે, જીલ કોમ્પલેક્સ, અયોધ્યાપૂરી રોડ," & CHAR(10) & "જૂના બસ સ્ટેન્ડ પાસે, મોરબી" & CHAR(10) & CHAR(10) & "🌐 www.torqueautoadvisor.com" & CHAR(10) & "✉️ info@torqueautoadvisor.com" & CHAR(10) & CHAR(10) & "GST No. 24ALBPL1123D1ZY" & CHAR(10) & "IRDA Code: 1980390000" & CHAR(10) & "MSME: UDYAM-GJ-32-0014559"& CHAR(10) & CHAR(10) & "📍 Office Location: https://share.google/IdNJCnrf2jFCWten6" -> 💬 *TORQUE AUTO ADVISOR – FITNESS / PASSING REMINDER* 📍 *Morbi* 🧾 *શ્રી PRAVINABEN DAKSHINI sir*, તમારી ગાડી *GJ36W2626* નું *પાસિંગ (Fitness) તા. 01-01-2026* એ પૂરું થાય છે. ⚠️ પાસિંગ સમયસર ન કરાવવાથી ઓનલાઇન મેમો આવી શકે છે. કૃપા કરીને પાસિંગ નિયમિત રીતે કરાવજો.પાસિંગ ચાલુ ના હોય તો વીમા ક્લેમ પાસ થતો નથી. ✅ અમારી પાસે પાસિંગ, પરમીટ, લાઇસન્સ, નામ ટ્રાન્સફર, વીમો વગેરે RTO ને લગતી તમામ સર્વિસ ઉપલબ્ધ છે. — 📞 સંપર્ક કરો: ANJALI-8141489538 | 8141488962 🏢 *ટોર્ક ઓટો એડવાઇઝર* બીજા માળે, જીલ કોમ્પલેક્સ, અયોધ્યાપૂરી રોડ, જૂના બસ સ્ટેન્ડ પાસે, મોરબી 🌐 www.torqueautoadvisor.com ✉️ info@torqueautoadvisor.com GST No. 24ALBPL1123D1ZY IRDA Code: 1980390000 MSME: UDYAM-GJ-32-0014559 📍 Office Location: https://share.google/IdNJCnrf2jFCWten6
A3: ANJALI-8141489538 | B3: GJ36V5839 | C3: RAJUBHAI BABUBHAI GOHIL | D3: 46023 | E3: 1600 | F3: 45323 | G3: 9054222788 | H3: ="💬 *TORQUE AUTO ADVISOR – FITNESS / PASSING REMINDER* " & CHAR(10) & "📍 *Morbi*" & CHAR(10) & CHAR(10) & "🧾 *શ્રી " & C3 & " sir*, તમારી ગાડી *" & B3 & "* નું *પાસિંગ (Fitness) તા. " & TEXT(D3,"DD-MM-yyyy") & "* એ પૂરું થાય છે." & CHAR(10) & CHAR(10) & "⚠️ પાસિંગ સમયસર ન કરાવવાથી ઓનલાઇન મેમો આવી શકે છે. કૃપા કરીને પાસિંગ નિયમિત રીતે કરાવજો.પાસિંગ ચાલુ ના હોય તો વીમા ક્લેમ પાસ થતો નથી." & CHAR(10) & CHAR(10) & "✅ અમારી પાસે પાસિંગ, પરમીટ, લાઇસન્સ, નામ ટ્રાન્સફર, વીમો વગેરે RTO ને લગતી તમામ સર્વિસ ઉપલબ્ધ છે. —" & CHAR(10) & "📞 સંપર્ક કરો: " & A3 & " | 8141488962" & CHAR(10) & CHAR(10) & "🏢 *ટોર્ક ઓટો એડવાઇઝર*" & CHAR(10) & "બીજા માળે, જીલ કોમ્પલેક્સ, અયોધ્યાપૂરી રોડ," & CHAR(10) & "જૂના બસ સ્ટેન્ડ પાસે, મોરબી" & CHAR(10) & CHAR(10) & "🌐 www.torqueautoadvisor.com" & CHAR(10) & "✉️ info@torqueautoadvisor.com" & CHAR(10) & CHAR(10) & "GST No. 24ALBPL1123D1ZY" & CHAR(10) & "IRDA Code: 1980390000" & CHAR(10) & "MSME: UDYAM-GJ-32-0014559"& CHAR(10) & CHAR(10) & "📍 Office Location: https://share.google/IdNJCnrf2jFCWten6" -> 💬 *TORQUE AUTO ADVISOR – FITNESS / PASSING REMINDER* 📍 *Morbi* 🧾 *શ્રી RAJUBHAI BABUBHAI GOHIL sir*, તમારી ગાડી *GJ36V5839* નું *પાસિંગ (Fitness) તા. 01-01-2026* એ પૂરું થાય છે. ⚠️ પાસિંગ સમયસર ન કરાવવાથી ઓનલાઇન મેમો આવી શકે છે. કૃપા કરીને પાસિંગ નિયમિત રીતે કરાવજો.પાસિંગ ચાલુ ના હોય તો વીમા ક્લેમ પાસ થતો નથી. ✅ અમારી પાસે પાસિંગ, પરમીટ, લાઇસન્સ, નામ ટ્રાન્સફર, વીમો વગેરે RTO ને લગતી તમામ સર્વિસ ઉપલબ્ધ છે. — 📞 સંપર્ક કરો: ANJALI-8141489538 | 8141488962 🏢 *ટોર્ક ઓટો એડવાઇઝર* બીજા માળે, જીલ કોમ્પલેક્સ, અયોધ્યાપૂરી રોડ, જૂના બસ સ્ટેન્ડ પાસે, મોરબી 🌐 www.torqueautoadvisor.com ✉️ info@torqueautoadvisor.com GST No. 24ALBPL1123D1ZY IRDA Code: 1980390000 MSME: UDYAM-GJ-32-0014559 📍 Office Location: https://share.google/IdNJCnrf2jFCWten6
A4: ANJALI-8141489538 | B4: GJ03BZ7548 | C4: CHANIYA ISMAIL | D4: 46023 | E4: 35000 | F4: 24/12/14 | G4: 9723098830 | H4: ="💬 *TORQUE AUTO ADVISOR – FITNESS / PASSING REMINDER* " & CHAR(10) & "📍 *Morbi*" & CHAR(10) & CHAR(10) & "🧾 *શ્રી " & C4 & " sir*, તમારી ગાડી *" & B4 & "* નું *પાસિંગ (Fitness) તા. " & TEXT(D4,"DD-MM-yyyy") & "* એ પૂરું થાય છે." & CHAR(10) & CHAR(10) & "⚠️ પાસિંગ સમયસર ન કરાવવાથી ઓનલાઇન મેમો આવી શકે છે. કૃપા કરીને પાસિંગ નિયમિત રીતે કરાવજો.પાસિંગ ચાલુ ના હોય તો વીમા ક્લેમ પાસ થતો નથી." & CHAR(10) & CHAR(10) & "✅ અમારી પાસે પાસિંગ, પરમીટ, લાઇસન્સ, નામ ટ્રાન્સફર, વીમો વગેરે RTO ને લગતી તમામ સર્વિસ ઉપલબ્ધ છે. —" & CHAR(10) & "📞 સંપર્ક કરો: " & A4 & " | 8141488962" & CHAR(10) & CHAR(10) & "🏢 *ટોર્ક ઓટો એડવાઇઝર*" & CHAR(10) & "બીજા માળે, જીલ કોમ્પલેક્સ, અયોધ્યાપૂરી રોડ," & CHAR(10) & "જૂના બસ સ્ટેન્ડ પાસે, મોરબી" & CHAR(10) & CHAR(10) & "🌐 www.torqueautoadvisor.com" & CHAR(10) & "✉️ info@torqueautoadvisor.com" & CHAR(10) & CHAR(10) & "GST No. 24ALBPL1123D1ZY" & CHAR(10) & "IRDA Code: 1980390000" & CHAR(10) & "MSME: UDYAM-GJ-32-0014559"& CHAR(10) & CHAR(10) & "📍 Office Location: https://share.google/IdNJCnrf2jFCWten6" -> 💬 *TORQUE AUTO ADVISOR – FITNESS / PASSING REMINDER* 📍 *Morbi* 🧾 *શ્રી CHANIYA ISMAIL sir*, તમારી ગાડી *GJ03BZ7548* નું *પાસિંગ (Fitness) તા. 01-01-2026* એ પૂરું થાય છે. ⚠️ પાસિંગ સમયસર ન કરાવવાથી ઓનલાઇન મેમો આવી શકે છે. કૃપા કરીને પાસિંગ નિયમિત રીતે કરાવજો.પાસિંગ ચાલુ ના હોય તો વીમા ક્લેમ પાસ થતો નથી. ✅ અમારી પાસે પાસિંગ, પરમીટ, લાઇસન્સ, નામ ટ્રાન્સફર, વીમો વગેરે RTO ને લગતી તમામ સર્વિસ ઉપલબ્ધ છે. — 📞 સંપર્ક કરો: ANJALI-8141489538 | 8141488962 🏢 *ટોર્ક ઓટો એડવાઇઝર* બીજા માળે, જીલ કોમ્પલેક્સ, અયોધ્યાપૂરી રોડ, જૂના બસ સ્ટેન્ડ પાસે, મોરબી 🌐 www.torqueautoadvisor.com ✉️ info@torqueautoadvisor.com GST No. 24ALBPL1123D1ZY IRDA Code: 1980390000 MSME: UDYAM-GJ-32-0014559 📍 Office Location: https://share.google/IdNJCnrf2jFCWten6
A5: ANJALI-8141489538 | B5: GJ36T6417 | C5: JIVANBHAI | D5: 46023 | E5: 2670 | F5: 43132 | G5: 9726598420 | H5: ="💬 *TORQUE AUTO ADVISOR – FITNESS / PASSING REMINDER* " & CHAR(10) & "📍 *Morbi*" & CHAR(10) & CHAR(10) & "🧾 *શ્રી " & C5 & " sir*, તમારી ગાડી *" & B5 & "* નું *પાસિંગ (Fitness) તા. " & TEXT(D5,"DD-MM-yyyy") & "* એ પૂરું થાય છે." & CHAR(10) & CHAR(10) & "⚠️ પાસિંગ સમયસર ન કરાવવાથી ઓનલાઇન મેમો આવી શકે છે. કૃપા કરીને પાસિંગ નિયમિત રીતે કરાવજો.પાસિંગ ચાલુ ના હોય તો વીમા ક્લેમ પાસ થતો નથી." & CHAR(10) & CHAR(10) & "✅ અમારી પાસે પાસિંગ, પરમીટ, લાઇસન્સ, નામ ટ્રાન્સફર, વીમો વગેરે RTO ને લગતી તમામ સર્વિસ ઉપલબ્ધ છે. —" & CHAR(10) & "📞 સંપર્ક કરો: " & A5 & " | 8141488962" & CHAR(10) & CHAR(10) & "🏢 *ટોર્ક ઓટો એડવાઇઝર*" & CHAR(10) & "બીજા માળે, જીલ કોમ્પલેક્સ, અયોધ્યાપૂરી રોડ," & CHAR(10) & "જૂના બસ સ્ટેન્ડ પાસે, મોરબી" & CHAR(10) & CHAR(10) & "🌐 www.torqueautoadvisor.com" & CHAR(10) & "✉️ info@torqueautoadvisor.com" & CHAR(10) & CHAR(10) & "GST No. 24ALBPL1123D1ZY" & CHAR(10) & "IRDA Code: 1980390000" & CHAR(10) & "MSME: UDYAM-GJ-32-0014559"& CHAR(10) & CHAR(10) & "📍 Office Location: https://share.google/IdNJCnrf2jFCWten6" -> 💬 *TORQUE AUTO ADVISOR – FITNESS / PASSING REMINDER* 📍 *Morbi* 🧾 *શ્રી JIVANBHAI sir*, તમારી ગાડી *GJ36T6417* નું *પાસિંગ (Fitness) તા. 01-01-2026* એ પૂરું થાય છે. ⚠️ પાસિંગ સમયસર ન કરાવવાથી ઓનલાઇન મેમો આવી શકે છે. કૃપા કરીને પાસિંગ નિયમિત રીતે કરાવજો.પાસિંગ ચાલુ ના હોય તો વીમા ક્લેમ પાસ થતો નથી. ✅ અમારી પાસે પાસિંગ, પરમીટ, લાઇસન્સ, નામ ટ્રાન્સફર, વીમો વગેરે RTO ને લગતી તમામ સર્વિસ ઉપલબ્ધ છે. — 📞 સંપર્ક કરો: ANJALI-8141489538 | 8141488962 🏢 *ટોર્ક ઓટો એડવાઇઝર* બીજા માળે, જીલ કોમ્પલેક્સ, અયોધ્યાપૂરી રોડ, જૂના બસ સ્ટેન્ડ પાસે, મોરબી 🌐 www.torqueautoadvisor.com ✉️ info@torqueautoadvisor.com GST No. 24ALBPL1123D1ZY IRDA Code: 1980390000 MSME: UDYAM-GJ-32-0014559 📍 Office Location: https://share.google/IdNJCnrf2jFCWten6
A6: ANJALI-8141489538 | B6: GJ13W1023 | C6: RAHEMTULLABHAI | D6: 46023 | E6: 2880 | F6: 20/01/11 | G6: 9825497363 | H6: ="💬 *TORQUE AUTO ADVISOR – FITNESS / PASSING REMINDER* " & CHAR(10) & "📍 *Morbi*" & CHAR(10) & CHAR(10) & "🧾 *શ્રી " & C6 & " sir*, તમારી ગાડી *" & B6 & "* નું *પાસિંગ (Fitness) તા. " & TEXT(D6,"DD-MM-yyyy") & "* એ પૂરું થાય છે." & CHAR(10) & CHAR(10) & "⚠️ પાસિંગ સમયસર ન કરાવવાથી ઓનલાઇન મેમો આવી શકે છે. કૃપા કરીને પાસિંગ નિયમિત રીતે કરાવજો.પાસિંગ ચાલુ ના હોય તો વીમા ક્લેમ પાસ થતો નથી." & CHAR(10) & CHAR(10) & "✅ અમારી પાસે પાસિંગ, પરમીટ, લાઇસન્સ, નામ ટ્રાન્સફર, વીમો વગેરે RTO ને લગતી તમામ સર્વિસ ઉપલબ્ધ છે. —" & CHAR(10) & "📞 સંપર્ક કરો: " & A6 & " | 8141488962" & CHAR(10) & CHAR(10) & "🏢 *ટોર્ક ઓટો એડવાઇઝર*" & CHAR(10) & "બીજા માળે, જીલ કોમ્પલેક્સ, અયોધ્યાપૂરી રોડ," & CHAR(10) & "જૂના બસ સ્ટેન્ડ પાસે, મોરબી" & CHAR(10) & CHAR(10) & "🌐 www.torqueautoadvisor.com" & CHAR(10) & "✉️ info@torqueautoadvisor.com" & CHAR(10) & CHAR(10) & "GST No. 24ALBPL1123D1ZY" & CHAR(10) & "IRDA Code: 1980390000" & CHAR(10) & "MSME: UDYAM-GJ-32-0014559"& CHAR(10) & CHAR(10) & "📍 Office Location: https://share.google/IdNJCnrf2jFCWten6" -> 💬 *TORQUE AUTO ADVISOR – FITNESS / PASSING REMINDER* 📍 *Morbi* 🧾 *શ્રી RAHEMTULLABHAI sir*, તમારી ગાડી *GJ13W1023* નું *પાસિંગ (Fitness) તા. 01-01-2026* એ પૂરું થાય છે. ⚠️ પાસિંગ સમયસર ન કરાવવાથી ઓનલાઇન મેમો આવી શકે છે. કૃપા કરીને પાસિંગ નિયમિત રીતે કરાવજો.પાસિંગ ચાલુ ના હોય તો વીમા ક્લેમ પાસ થતો નથી. ✅ અમારી પાસે પાસિંગ, પરમીટ, લાઇસન્સ, નામ ટ્રાન્સફર, વીમો વગેરે RTO ને લગતી તમામ સર્વિસ ઉપલબ્ધ છે. — 📞 સંપર્ક કરો: ANJALI-8141489538 | 8141488962 🏢 *ટોર્ક ઓટો એડવાઇઝર* બીજા માળે, જીલ કોમ્પલેક્સ, અયોધ્યાપૂરી રોડ, જૂના બસ સ્ટેન્ડ પાસે, મોરબી 🌐 www.torqueautoadvisor.com ✉️ info@torqueautoadvisor.com GST No. 24ALBPL1123D1ZY IRDA Code: 1980390000 MSME: UDYAM-GJ-32-0014559 📍 Office Location: https://share.google/IdNJCnrf2jFCWten6
A7: ANJALI-8141489538 | B7: GJ36V5834 | C7: KANTILAL | D7: 46023 | E7: 1630 | F7: 45323 | G7: 9978198437 | H7: ="💬 *TORQUE AUTO ADVISOR – FITNESS / PASSING REMINDER* " & CHAR(10) & "📍 *Morbi*" & CHAR(10) & CHAR(10) & "🧾 *શ્રી " & C7 & " sir*, તમારી ગાડી *" & B7 & "* નું *પાસિંગ (Fitness) તા. " & TEXT(D7,"DD-MM-yyyy") & "* એ પૂરું થાય છે." & CHAR(10) & CHAR(10) & "⚠️ પાસિંગ સમયસર ન કરાવવાથી ઓનલાઇન મેમો આવી શકે છે. કૃપા કરીને પાસિંગ નિયમિત રીતે કરાવજો.પાસિંગ ચાલુ ના હોય તો વીમા ક્લેમ પાસ થતો નથી." & CHAR(10) & CHAR(10) & "✅ અમારી પાસે પાસિંગ, પરમીટ, લાઇસન્સ, નામ ટ્રાન્સફર, વીમો વગેરે RTO ને લગતી તમામ સર્વિસ ઉપલબ્ધ છે. —" & CHAR(10) & "📞 સંપર્ક કરો: " & A7 & " | 8141488962" & CHAR(10) & CHAR(10) & "🏢 *ટોર્ક ઓટો એડવાઇઝર*" & CHAR(10) & "બીજા માળે, જીલ કોમ્પલેક્સ, અયોધ્યાપૂરી રોડ," & CHAR(10) & "જૂના બસ સ્ટેન્ડ પાસે, મોરબી" & CHAR(10) & CHAR(10) & "🌐 www.torqueautoadvisor.com" & CHAR(10) & "✉️ info@torqueautoadvisor.com" & CHAR(10) & CHAR(10) & "GST No. 24ALBPL1123D1ZY" & CHAR(10) & "IRDA Code: 1980390000" & CHAR(10) & "MSME: UDYAM-GJ-32-0014559"& CHAR(10) & CHAR(10) & "📍 Office Location: https://share.google/IdNJCnrf2jFCWten6" -> 💬 *TORQUE AUTO ADVISOR – FITNESS / PASSING REMINDER* 📍 *Morbi* 🧾 *શ્રી KANTILAL sir*, તમારી ગાડી *GJ36V5834* નું *પાસિંગ (Fitness) તા. 01-01-2026* એ પૂરું થાય છે. ⚠️ પાસિંગ સમયસર ન કરાવવાથી ઓનલાઇન મેમો આવી શકે છે. કૃપા કરીને પાસિંગ નિયમિત રીતે કરાવજો.પાસિંગ ચાલુ ના હોય તો વીમા ક્લેમ પાસ થતો નથી. ✅ અમારી પાસે પાસિંગ, પરમીટ, લાઇસન્સ, નામ ટ્રાન્સફર, વીમો વગેરે RTO ને લગતી તમામ સર્વિસ ઉપલબ્ધ છે. — 📞 સંપર્ક કરો: ANJALI-8141489538 | 8141488962 🏢 *ટોર્ક ઓટો એડવાઇઝર* બીજા માળે, જીલ કોમ્પલેક્સ, અયોધ્યાપૂરી રોડ, જૂના બસ સ્ટેન્ડ પાસે, મોરબી 🌐 www.torqueautoadvisor.com ✉️ info@torqueautoadvisor.com GST No. 24ALBPL1123D1ZY IRDA Code: 1980390000 MSME: UDYAM-GJ-32-0014559 📍 Office Location: https://share.google/IdNJCnrf2jFCWten6
A8: ANJALI-8141489538 | B8: GJ03AW9900 | C8: CHOSALA LAKHABHAI | D8: 46023 | E8: 15560 | F8: 40212 | G8: 9998885248 | H8: ="💬 *TORQUE AUTO ADVISOR – FITNESS / PASSING REMINDER* " & CHAR(10) & "📍 *Morbi*" & CHAR(10) & CHAR(10) & "🧾 *શ્રી " & C8 & " sir*, તમારી ગાડી *" & B8 & "* નું *પાસિંગ (Fitness) તા. " & TEXT(D8,"DD-MM-yyyy") & "* એ પૂરું થાય છે." & CHAR(10) & CHAR(10) & "⚠️ પાસિંગ સમયસર ન કરાવવાથી ઓનલાઇન મેમો આવી શકે છે. કૃપા કરીને પાસિંગ નિયમિત રીતે કરાવજો.પાસિંગ ચાલુ ના હોય તો વીમા ક્લેમ પાસ થતો નથી." & CHAR(10) & CHAR(10) & "✅ અમારી પાસે પાસિંગ, પરમીટ, લાઇસન્સ, નામ ટ્રાન્સફર, વીમો વગેરે RTO ને લગતી તમામ સર્વિસ ઉપલબ્ધ છે. —" & CHAR(10) & "📞 સંપર્ક કરો: " & A8 & " | 8141488962" & CHAR(10) & CHAR(10) & "🏢 *ટોર્ક ઓટો એડવાઇઝર*" & CHAR(10) & "બીજા માળે, જીલ કોમ્પલેક્સ, અયોધ્યાપૂરી રોડ," & CHAR(10) & "જૂના બસ સ્ટેન્ડ પાસે, મોરબી" & CHAR(10) & CHAR(10) & "🌐 www.torqueautoadvisor.com" & CHAR(10) & "✉️ info@torqueautoadvisor.com" & CHAR(10) & CHAR(10) & "GST No. 24ALBPL1123D1ZY" & CHAR(10) & "IRDA Code: 1980390000" & CHAR(10) & "MSME: UDYAM-GJ-32-0014559"& CHAR(10) & CHAR(10) & "📍 Office Location: https://share.google/IdNJCnrf2jFCWten6" -> 💬 *TORQUE AUTO ADVISOR – FITNESS / PASSING REMINDER* 📍 *Morbi* 🧾 *શ્રી CHOSALA LAKHABHAI sir*, તમારી ગાડી *GJ03AW9900* નું *પાસિંગ (Fitness) તા. 01-01-2026* એ પૂરું થાય છે. ⚠️ પાસિંગ સમયસર ન કરાવવાથી ઓનલાઇન મેમો આવી શકે છે. કૃપા કરીને પાસિંગ નિયમિત રીતે કરાવજો.પાસિંગ ચાલુ ના હોય તો વીમા ક્લેમ પાસ થતો નથી. ✅ અમારી પાસે પાસિંગ, પરમીટ, લાઇસન્સ, નામ ટ્રાન્સફર, વીમો વગેરે RTO ને લગતી તમામ સર્વિસ ઉપલબ્ધ છે. — 📞 સંપર્ક કરો: ANJALI-8141489538 | 8141488962 🏢 *ટોર્ક ઓટો એડવાઇઝર* બીજા માળે, જીલ કોમ્પલેક્સ, અયોધ્યાપૂરી રોડ, જૂના બસ સ્ટેન્ડ પાસે, મોરબી 🌐 www.torqueautoadvisor.com ✉️ info@torqueautoadvisor.com GST No. 24ALBPL1123D1ZY IRDA Code: 1980390000 MSME: UDYAM-GJ-32-0014559 📍 Office Location: https://share.google/IdNJCnrf2jFCWten6
A9: ANJALI-8141489538 | B9: GJ16W1717 | C9: RAJESHBHAI | D9: 46024 | E9: 18500 | F9: 41122 | G9: 8155802014 | H9: ="💬 *TORQUE AUTO ADVISOR – FITNESS / PASSING REMINDER* " & CHAR(10) & "📍 *Morbi*" & CHAR(10) & CHAR(10) & "🧾 *શ્રી " & C9 & " sir*, તમારી ગાડી *" & B9 & "* નું *પાસિંગ (Fitness) તા. " & TEXT(D9,"DD-MM-yyyy") & "* એ પૂરું થાય છે." & CHAR(10) & CHAR(10) & "⚠️ પાસિંગ સમયસર ન કરાવવાથી ઓનલાઇન મેમો આવી શકે છે. કૃપા કરીને પાસિંગ નિયમિત રીતે કરાવજો.પાસિંગ ચાલુ ના હોય તો વીમા ક્લેમ પાસ થતો નથી." & CHAR(10) & CHAR(10) & "✅ અમારી પાસે પાસિંગ, પરમીટ, લાઇસન્સ, નામ ટ્રાન્સફર, વીમો વગેરે RTO ને લગતી તમામ સર્વિસ ઉપલબ્ધ છે. —" & CHAR(10) & "📞 સંપર્ક કરો: " & A9 & " | 8141488962" & CHAR(10) & CHAR(10) & "🏢 *ટોર્ક ઓટો એડવાઇઝર*" & CHAR(10) & "બીજા માળે, જીલ કોમ્પલેક્સ, અયોધ્યાપૂરી રોડ," & CHAR(10) & "જૂના બસ સ્ટેન્ડ પાસે, મોરબી" & CHAR(10) & CHAR(10) & "🌐 www.torqueautoadvisor.com" & CHAR(10) & "✉️ info@torqueautoadvisor.com" & CHAR(10) & CHAR(10) & "GST No. 24ALBPL1123D1ZY" & CHAR(10) & "IRDA Code: 1980390000" & CHAR(10) & "MSME: UDYAM-GJ-32-0014559"& CHAR(10) & CHAR(10) & "📍 Office Location: https://share.google/IdNJCnrf2jFCWten6" -> 💬 *TORQUE AUTO ADVISOR – FITNESS / PASSING REMINDER* 📍 *Morbi* 🧾 *શ્રી RAJESHBHAI sir*, તમારી ગાડી *GJ16W1717* નું *પાસિંગ (Fitness) તા. 02-01-2026* એ પૂરું થાય છે. ⚠️ પાસિંગ સમયસર ન કરાવવાથી ઓનલાઇન મેમો આવી શકે છે. કૃપા કરીને પાસિંગ નિયમિત રીતે કરાવજો.પાસિંગ ચાલુ ના હોય તો વીમા ક્લેમ પાસ થતો નથી. ✅ અમારી પાસે પાસિંગ, પરમીટ, લાઇસન્સ, નામ ટ્રાન્સફર, વીમો વગેરે RTO ને લગતી તમામ સર્વિસ ઉપલબ્ધ છે. — 📞 સંપર્ક કરો: ANJALI-8141489538 | 8141488962 🏢 *ટોર્ક ઓટો એડવાઇઝર* બીજા માળે, જીલ કોમ્પલેક્સ, અયોધ્યાપૂરી રોડ, જૂના બસ સ્ટેન્ડ પાસે, મોરબી 🌐 www.torqueautoadvisor.com ✉️ info@torqueautoadvisor.com GST No. 24ALBPL1123D1ZY IRDA Code: 1980390000 MSME: UDYAM-GJ-32-0014559 📍 Office Location: https://share.google/IdNJCnrf2jFCWten6
A10: ANJALI-8141489538 | B10: GJ03AV8220 | C10: JITENDRA | D10: 46024 | E10: 1550 | F10: 40483 | G10: 8999999999 | H10: ="💬 *TORQUE AUTO ADVISOR – FITNESS / PASSING REMINDER* " & CHAR(10) & "📍 *Morbi*" & CHAR(10) & CHAR(10) & "🧾 *શ્રી " & C10 & " sir*, તમારી ગાડી *" & B10 & "* નું *પાસિંગ (Fitness) તા. " & TEXT(D10,"DD-MM-yyyy") & "* એ પૂરું થાય છે." & CHAR(10) & CHAR(10) & "⚠️ પાસિંગ સમયસર ન કરાવવાથી ઓનલાઇન મેમો આવી શકે છે. કૃપા કરીને પાસિંગ નિયમિત રીતે કરાવજો.પાસિંગ ચાલુ ના હોય તો વીમા ક્લેમ પાસ થતો નથી." & CHAR(10) & CHAR(10) & "✅ અમારી પાસે પાસિંગ, પરમીટ, લાઇસન્સ, નામ ટ્રાન્સફર, વીમો વગેરે RTO ને લગતી તમામ સર્વિસ ઉપલબ્ધ છે. —" & CHAR(10) & "📞 સંપર્ક કરો: " & A10 & " | 8141488962" & CHAR(10) & CHAR(10) & "🏢 *ટોર્ક ઓટો એડવાઇઝર*" & CHAR(10) & "બીજા માળે, જીલ કોમ્પલેક્સ, અયોધ્યાપૂરી રોડ," & CHAR(10) & "જૂના બસ સ્ટેન્ડ પાસે, મોરબી" & CHAR(10) & CHAR(10) & "🌐 www.torqueautoadvisor.com" & CHAR(10) & "✉️ info@torqueautoadvisor.com" & CHAR(10) & CHAR(10) & "GST No. 24ALBPL1123D1ZY" & CHAR(10) & "IRDA Code: 1980390000" & CHAR(10) & "MSME: UDYAM-GJ-32-0014559"& CHAR(10) & CHAR(10) & "📍 Office Location: https://share.google/IdNJCnrf2jFCWten6" -> 💬 *TORQUE AUTO ADVISOR – FITNESS / PASSING REMINDER* 📍 *Morbi* 🧾 *શ્રી JITENDRA sir*, તમારી ગાડી *GJ03AV8220* નું *પાસિંગ (Fitness) તા. 02-01-2026* એ પૂરું થાય છે. ⚠️ પાસિંગ સમયસર ન કરાવવાથી ઓનલાઇન મેમો આવી શકે છે. કૃપા કરીને પાસિંગ નિયમિત રીતે કરાવજો.પાસિંગ ચાલુ ના હોય તો વીમા ક્લેમ પાસ થતો નથી. ✅ અમારી પાસે પાસિંગ, પરમીટ, લાઇસન્સ, નામ ટ્રાન્સફર, વીમો વગેરે RTO ને લગતી તમામ સર્વિસ ઉપલબ્ધ છે. — 📞 સંપર્ક કરો: ANJALI-8141489538 | 8141488962 🏢 *ટોર્ક ઓટો એડવાઇઝર* બીજા માળે, જીલ કોમ્પલેક્સ, અયોધ્યાપૂરી રોડ, જૂના બસ સ્ટેન્ડ પાસે, મોરબી 🌐 www.torqueautoadvisor.com ✉️ info@torqueautoadvisor.com GST No. 24ALBPL1123D1ZY IRDA Code: 1980390000 MSME: UDYAM-GJ-32-0014559 📍 Office Location: https://share.google/IdNJCnrf2jFCWten6
A11: ANJALI-8141489538 | B11: GJ36W1127 | C11: LALJIBHAI DETROJA | D11: 46024 | E11: 995 | F11: 45352 | G11: 9316026698 | H11: ="💬 *TORQUE AUTO ADVISOR – FITNESS / PASSING REMINDER* " & CHAR(10) & "📍 *Morbi*" & CHAR(10) & CHAR(10) & "🧾 *શ્રી " & C11 & " sir*, તમારી ગાડી *" & B11 & "* નું *પાસિંગ (Fitness) તા. " & TEXT(D11,"DD-MM-yyyy") & "* એ પૂરું થાય છે." & CHAR(10) & CHAR(10) & "⚠️ પાસિંગ સમયસર ન કરાવવાથી ઓનલાઇન મેમો આવી શકે છે. કૃપા કરીને પાસિંગ નિયમિત રીતે કરાવજો.પાસિંગ ચાલુ ના હોય તો વીમા ક્લેમ પાસ થતો નથી." & CHAR(10) & CHAR(10) & "✅ અમારી પાસે પાસિંગ, પરમીટ, લાઇસન્સ, નામ ટ્રાન્સફર, વીમો વગેરે RTO ને લગતી તમામ સર્વિસ ઉપલબ્ધ છે. —" & CHAR(10) & "📞 સંપર્ક કરો: " & A11 & " | 8141488962" & CHAR(10) & CHAR(10) & "🏢 *ટોર્ક ઓટો એડવાઇઝર*" & CHAR(10) & "બીજા માળે, જીલ કોમ્પલેક્સ, અયોધ્યાપૂરી રોડ," & CHAR(10) & "જૂના બસ સ્ટેન્ડ પાસે, મોરબી" & CHAR(10) & CHAR(10) & "🌐 www.torqueautoadvisor.com" & CHAR(10) & "✉️ info@torqueautoadvisor.com" & CHAR(10) & CHAR(10) & "GST No. 24ALBPL1123D1ZY" & CHAR(10) & "IRDA Code: 1980390000" & CHAR(10) & "MSME: UDYAM-GJ-32-0014559"& CHAR(10) & CHAR(10) & "📍 Office Location: https://share.google/IdNJCnrf2jFCWten6" -> 💬 *TORQUE AUTO ADVISOR – FITNESS / PASSING REMINDER* 📍 *Morbi* 🧾 *શ્રી LALJIBHAI DETROJA sir*, તમારી ગાડી *GJ36W1127* નું *પાસિંગ (Fitness) તા. 02-01-2026* એ પૂરું થાય છે. ⚠️ પાસિંગ સમયસર ન કરાવવાથી ઓનલાઇન મેમો આવી શકે છે. કૃપા કરીને પાસિંગ નિયમિત રીતે કરાવજો.પાસિંગ ચાલુ ના હોય તો વીમા ક્લેમ પાસ થતો નથી. ✅ અમારી પાસે પાસિંગ, પરમીટ, લાઇસન્સ, નામ ટ્રાન્સફર, વીમો વગેરે RTO ને લગતી તમામ સર્વિસ ઉપલબ્ધ છે. — 📞 સંપર્ક કરો: ANJALI-8141489538 | 8141488962 🏢 *ટોર્ક ઓટો એડવાઇઝર* બીજા માળે, જીલ કોમ્પલેક્સ, અયોધ્યાપૂરી રોડ, જૂના બસ સ્ટેન્ડ પાસે, મોરબી 🌐 www.torqueautoadvisor.com ✉️ info@torqueautoadvisor.com GST No. 24ALBPL1123D1ZY IRDA Code: 1980390000 MSME: UDYAM-GJ-32-0014559 📍 Office Location: https://share.google/IdNJCnrf2jFCWten6
A12: ANJALI-8141489538 | B12: GJ13AT2871 | C12: BHATTI ASHIF | D12: 46024 | E12: 2400 | F12: 18/10/13 | G12: 9638325890 | H12: ="💬 *TORQUE AUTO ADVISOR – FITNESS / PASSING REMINDER* " & CHAR(10) & "📍 *Morbi*" & CHAR(10) & CHAR(10) & "🧾 *શ્રી " & C12 & " sir*, તમારી ગાડી *" & B12 & "* નું *પાસિંગ (Fitness) તા. " & TEXT(D12,"DD-MM-yyyy") & "* એ પૂરું થાય છે." & CHAR(10) & CHAR(10) & "⚠️ પાસિંગ સમયસર ન કરાવવાથી ઓનલાઇન મેમો આવી શકે છે. કૃપા કરીને પાસિંગ નિયમિત રીતે કરાવજો.પાસિંગ ચાલુ ના હોય તો વીમા ક્લેમ પાસ થતો નથી." & CHAR(10) & CHAR(10) & "✅ અમારી પાસે પાસિંગ, પરમીટ, લાઇસન્સ, નામ ટ્રાન્સફર, વીમો વગેરે RTO ને લગતી તમામ સર્વિસ ઉપલબ્ધ છે. —" & CHAR(10) & "📞 સંપર્ક કરો: " & A12 & " | 8141488962" & CHAR(10) & CHAR(10) & "🏢 *ટોર્ક ઓટો એડવાઇઝર*" & CHAR(10) & "બીજા માળે, જીલ કોમ્પલેક્સ, અયોધ્યાપૂરી રોડ," & CHAR(10) & "જૂના બસ સ્ટેન્ડ પાસે, મોરબી" & CHAR(10) & CHAR(10) & "🌐 www.torqueautoadvisor.com" & CHAR(10) & "✉️ info@torqueautoadvisor.com" & CHAR(10) & CHAR(10) & "GST No. 24ALBPL1123D1ZY" & CHAR(10) & "IRDA Code: 1980390000" & CHAR(10) & "MSME: UDYAM-GJ-32-0014559"& CHAR(10) & CHAR(10) & "📍 Office Location: https://share.google/IdNJCnrf2jFCWten6" -> 💬 *TORQUE AUTO ADVISOR – FITNESS / PASSING REMINDER* 📍 *Morbi* 🧾 *શ્રી BHATTI ASHIF sir*, તમારી ગાડી *GJ13AT2871* નું *પાસિંગ (Fitness) તા. 02-01-2026* એ પૂરું થાય છે. ⚠️ પાસિંગ સમયસર ન કરાવવાથી ઓનલાઇન મેમો આવી શકે છે. કૃપા કરીને પાસિંગ નિયમિત રીતે કરાવજો.પાસિંગ ચાલુ ના હોય તો વીમા ક્લેમ પાસ થતો નથી. ✅ અમારી પાસે પાસિંગ, પરમીટ, લાઇસન્સ, નામ ટ્રાન્સફર, વીમો વગેરે RTO ને લગતી તમામ સર્વિસ ઉપલબ્ધ છે. — 📞 સંપર્ક કરો: ANJALI-8141489538 | 8141488962 🏢 *ટોર્ક ઓટો એડવાઇઝર* બીજા માળે, જીલ કોમ્પલેક્સ, અયોધ્યાપૂરી રોડ, જૂના બસ સ્ટેન્ડ પાસે, મોરબી 🌐 www.torqueautoadvisor.com ✉️ info@torqueautoadvisor.com GST No. 24ALBPL1123D1ZY IRDA Code: 1980390000 MSME: UDYAM-GJ-32-0014559 📍 Office Location: https://share.google/IdNJCnrf2jFCWten6
A13: ANJALI-8141489538 | B13: GJ33T2663 | C13: DANGROCHA BHANJIBHAI VAGHAJIBHAI | D13: 46024 | E13: 35000 | F13: 40522 | G13: 9727364709 | H13: ="💬 *TORQUE AUTO ADVISOR – FITNESS / PASSING REMINDER* " & CHAR(10) & "📍 *Morbi*" & CHAR(10) & CHAR(10) & "🧾 *શ્રી " & C13 & " sir*, તમારી ગાડી *" & B13 & "* નું *પાસિંગ (Fitness) તા. " & TEXT(D13,"DD-MM-yyyy") & "* એ પૂરું થાય છે." & CHAR(10) & CHAR(10) & "⚠️ પાસિંગ સમયસર ન કરાવવાથી ઓનલાઇન મેમો આવી શકે છે. કૃપા કરીને પાસિંગ નિયમિત રીતે કરાવજો.પાસિંગ ચાલુ ના હોય તો વીમા ક્લેમ પાસ થતો નથી." & CHAR(10) & CHAR(10) & "✅ અમારી પાસે પાસિંગ, પરમીટ, લાઇસન્સ, નામ ટ્રાન્સફર, વીમો વગેરે RTO ને લગતી તમામ સર્વિસ ઉપલબ્ધ છે. —" & CHAR(10) & "📞 સંપર્ક કરો: " & A13 & " | 8141488962" & CHAR(10) & CHAR(10) & "🏢 *ટોર્ક ઓટો એડવાઇઝર*" & CHAR(10) & "બીજા માળે, જીલ કોમ્પલેક્સ, અયોધ્યાપૂરી રોડ," & CHAR(10) & "જૂના બસ સ્ટેન્ડ પાસે, મોરબી" & CHAR(10) & CHAR(10) & "🌐 www.torqueautoadvisor.com" & CHAR(10) & "✉️ info@torqueautoadvisor.com" & CHAR(10) & CHAR(10) & "GST No. 24ALBPL1123D1ZY" & CHAR(10) & "IRDA Code: 1980390000" & CHAR(10) & "MSME: UDYAM-GJ-32-0014559"& CHAR(10) & CHAR(10) & "📍 Office Location: https://share.google/IdNJCnrf2jFCWten6" -> 💬 *TORQUE AUTO ADVISOR – FITNESS / PASSING REMINDER* 📍 *Morbi* 🧾 *શ્રી DANGROCHA BHANJIBHAI VAGHAJIBHAI sir*, તમારી ગાડી *GJ33T2663* નું *પાસિંગ (Fitness) તા. 02-01-2026* એ પૂરું થાય છે. ⚠️ પાસિંગ સમયસર ન કરાવવાથી ઓનલાઇન મેમો આવી શકે છે. કૃપા કરીને પાસિંગ નિયમિત રીતે કરાવજો.પાસિંગ ચાલુ ના હોય તો વીમા ક્લેમ પાસ થતો નથી. ✅ અમારી પાસે પાસિંગ, પરમીટ, લાઇસન્સ, નામ ટ્રાન્સફર, વીમો વગેરે RTO ને લગતી તમામ સર્વિસ ઉપલબ્ધ છે. — 📞 સંપર્ક કરો: ANJALI-8141489538 | 8141488962 🏢 *ટોર્ક ઓટો એડવાઇઝર* બીજા માળે, જીલ કોમ્પલેક્સ, અયોધ્યાપૂરી રોડ, જૂના બસ સ્ટેન્ડ પાસે, મોરબી 🌐 www.torqueautoadvisor.com ✉️ info@torqueautoadvisor.com GST No. 24ALBPL1123D1ZY IRDA Code: 1980390000 MSME: UDYAM-GJ-32-0014559 📍 Office Location: https://share.google/IdNJCnrf2jFCWten6
A14: ANJALI-8141489538 | B14: GJ11X9163 | C14: GARCHAR RAMABHAI LAKHMANBHAI | D14: 46024 | E14: 18500 | F14: 15/09/06 | G14: 9879024612 | H14: ="💬 *TORQUE AUTO ADVISOR – FITNESS / PASSING REMINDER* " & CHAR(10) & "📍 *Morbi*" & CHAR(10) & CHAR(10) & "🧾 *શ્રી " & C14 & " sir*, તમારી ગાડી *" & B14 & "* નું *પાસિંગ (Fitness) તા. " & TEXT(D14,"DD-MM-yyyy") & "* એ પૂરું થાય છે." & CHAR(10) & CHAR(10) & "⚠️ પાસિંગ સમયસર ન કરાવવાથી ઓનલાઇન મેમો આવી શકે છે. કૃપા કરીને પાસિંગ નિયમિત રીતે કરાવજો.પાસિંગ ચાલુ ના હોય તો વીમા ક્લેમ પાસ થતો નથી." & CHAR(10) & CHAR(10) & "✅ અમારી પાસે પાસિંગ, પરમીટ, લાઇસન્સ, નામ ટ્રાન્સફર, વીમો વગેરે RTO ને લગતી તમામ સર્વિસ ઉપલબ્ધ છે. —" & CHAR(10) & "📞 સંપર્ક કરો: " & A14 & " | 8141488962" & CHAR(10) & CHAR(10) & "🏢 *ટોર્ક ઓટો એડવાઇઝર*" & CHAR(10) & "બીજા માળે, જીલ કોમ્પલેક્સ, અયોધ્યાપૂરી રોડ," & CHAR(10) & "જૂના બસ સ્ટેન્ડ પાસે, મોરબી" & CHAR(10) & CHAR(10) & "🌐 www.torqueautoadvisor.com" & CHAR(10) & "✉️ info@torqueautoadvisor.com" & CHAR(10) & CHAR(10) & "GST No. 24ALBPL1123D1ZY" & CHAR(10) & "IRDA Code: 1980390000" & CHAR(10) & "MSME: UDYAM-GJ-32-0014559"& CHAR(10) & CHAR(10) & "📍 Office Location: https://share.google/IdNJCnrf2jFCWten6" -> 💬 *TORQUE AUTO ADVISOR – FITNESS / PASSING REMINDER* 📍 *Morbi* 🧾 *શ્રી GARCHAR RAMABHAI LAKHMANBHAI sir*, તમારી ગાડી *GJ11X9163* નું *પાસિંગ (Fitness) તા. 02-01-2026* એ પૂરું થાય છે. ⚠️ પાસિંગ સમયસર ન કરાવવાથી ઓનલાઇન મેમો આવી શકે છે. કૃપા કરીને પાસિંગ નિયમિત રીતે કરાવજો.પાસિંગ ચાલુ ના હોય તો વીમા ક્લેમ પાસ થતો નથી. ✅ અમારી પાસે પાસિંગ, પરમીટ, લાઇસન્સ, નામ ટ્રાન્સફર, વીમો વગેરે RTO ને લગતી તમામ સર્વિસ ઉપલબ્ધ છે. — 📞 સંપર્ક કરો: ANJALI-8141489538 | 8141488962 🏢 *ટોર્ક ઓટો એડવાઇઝર* બીજા માળે, જીલ કોમ્પલેક્સ, અયોધ્યાપૂરી રોડ, જૂના બસ સ્ટેન્ડ પાસે, મોરબી 🌐 www.torqueautoadvisor.com ✉️ info@torqueautoadvisor.com GST No. 24ALBPL1123D1ZY IRDA Code: 1980390000 MSME: UDYAM-GJ-32-0014559 📍 Office Location: https://share.google/IdNJCnrf2jFCWten6
A15: ANJALI-8141489538 | B15: GJ36X4488 | C15: RAJENDRASINH | D15: 46024 | E15: 17750 | F15: 45352 | G15: 9909068088 | H15: ="💬 *TORQUE AUTO ADVISOR – FITNESS / PASSING REMINDER* " & CHAR(10) & "📍 *Morbi*" & CHAR(10) & CHAR(10) & "🧾 *શ્રી " & C15 & " sir*, તમારી ગાડી *" & B15 & "* નું *પાસિંગ (Fitness) તા. " & TEXT(D15,"DD-MM-yyyy") & "* એ પૂરું થાય છે." & CHAR(10) & CHAR(10) & "⚠️ પાસિંગ સમયસર ન કરાવવાથી ઓનલાઇન મેમો આવી શકે છે. કૃપા કરીને પાસિંગ નિયમિત રીતે કરાવજો.પાસિંગ ચાલુ ના હોય તો વીમા ક્લેમ પાસ થતો નથી." & CHAR(10) & CHAR(10) & "✅ અમારી પાસે પાસિંગ, પરમીટ, લાઇસન્સ, નામ ટ્રાન્સફર, વીમો વગેરે RTO ને લગતી તમામ સર્વિસ ઉપલબ્ધ છે. —" & CHAR(10) & "📞 સંપર્ક કરો: " & A15 & " | 8141488962" & CHAR(10) & CHAR(10) & "🏢 *ટોર્ક ઓટો એડવાઇઝર*" & CHAR(10) & "બીજા માળે, જીલ કોમ્પલેક્સ, અયોધ્યાપૂરી રોડ," & CHAR(10) & "જૂના બસ સ્ટેન્ડ પાસે, મોરબી" & CHAR(10) & CHAR(10) & "🌐 www.torqueautoadvisor.com" & CHAR(10) & "✉️ info@torqueautoadvisor.com" & CHAR(10) & CHAR(10) & "GST No. 24ALBPL1123D1ZY" & CHAR(10) & "IRDA Code: 1980390000" & CHAR(10) & "MSME: UDYAM-GJ-32-0014559"& CHAR(10) & CHAR(10) & "📍 Office Location: https://share.google/IdNJCnrf2jFCWten6" -> 💬 *TORQUE AUTO ADVISOR – FITNESS / PASSING REMINDER* 📍 *Morbi* 🧾 *શ્રી RAJENDRASINH sir*, તમારી ગાડી *GJ36X4488* નું *પાસિંગ (Fitness) તા. 02-01-2026* એ પૂરું થાય છે. ⚠️ પાસિંગ સમયસર ન કરાવવાથી ઓનલાઇન મેમો આવી શકે છે. કૃપા કરીને પાસિંગ નિયમિત રીતે કરાવજો.પાસિંગ ચાલુ ના હોય તો વીમા ક્લેમ પાસ થતો નથી. ✅ અમારી પાસે પાસિંગ, પરમીટ, લાઇસન્સ, નામ ટ્રાન્સફર, વીમો વગેરે RTO ને લગતી તમામ સર્વિસ ઉપલબ્ધ છે. — 📞 સંપર્ક કરો: ANJALI-8141489538 | 8141488962 🏢 *ટોર્ક ઓટો એડવાઇઝર* બીજા માળે, જીલ કોમ્પલેક્સ, અયોધ્યાપૂરી રોડ, જૂના બસ સ્ટેન્ડ પાસે, મોરબી 🌐 www.torqueautoadvisor.com ✉️ info@torqueautoadvisor.com GST No. 24ALBPL1123D1ZY IRDA Code: 1980390000 MSME: UDYAM-GJ-32-0014559 📍 Office Location: https://share.google/IdNJCnrf2jFCWten6
A16: ANJALI-8141489538 | B16: GJ36W9229 | C16: KURESHI ASIF | D16: 46024 | E16: 818 | F16: 45352 | G16: 9974580560 | H16: ="💬 *TORQUE AUTO ADVISOR – FITNESS / PASSING REMINDER* " & CHAR(10) & "📍 *Morbi*" & CHAR(10) & CHAR(10) & "🧾 *શ્રી " & C16 & " sir*, તમારી ગાડી *" & B16 & "* નું *પાસિંગ (Fitness) તા. " & TEXT(D16,"DD-MM-yyyy") & "* એ પૂરું થાય છે." & CHAR(10) & CHAR(10) & "⚠️ પાસિંગ સમયસર ન કરાવવાથી ઓનલાઇન મેમો આવી શકે છે. કૃપા કરીને પાસિંગ નિયમિત રીતે કરાવજો.પાસિંગ ચાલુ ના હોય તો વીમા ક્લેમ પાસ થતો નથી." & CHAR(10) & CHAR(10) & "✅ અમારી પાસે પાસિંગ, પરમીટ, લાઇસન્સ, નામ ટ્રાન્સફર, વીમો વગેરે RTO ને લગતી તમામ સર્વિસ ઉપલબ્ધ છે. —" & CHAR(10) & "📞 સંપર્ક કરો: " & A16 & " | 8141488962" & CHAR(10) & CHAR(10) & "🏢 *ટોર્ક ઓટો એડવાઇઝર*" & CHAR(10) & "બીજા માળે, જીલ કોમ્પલેક્સ, અયોધ્યાપૂરી રોડ," & CHAR(10) & "જૂના બસ સ્ટેન્ડ પાસે, મોરબી" & CHAR(10) & CHAR(10) & "🌐 www.torqueautoadvisor.com" & CHAR(10) & "✉️ info@torqueautoadvisor.com" & CHAR(10) & CHAR(10) & "GST No. 24ALBPL1123D1ZY" & CHAR(10) & "IRDA Code: 1980390000" & CHAR(10) & "MSME: UDYAM-GJ-32-0014559"& CHAR(10) & CHAR(10) & "📍 Office Location: https://share.google/IdNJCnrf2jFCWten6" -> 💬 *TORQUE AUTO ADVISOR – FITNESS / PASSING REMINDER* 📍 *Morbi* 🧾 *શ્રી KURESHI ASIF sir*, તમારી ગાડી *GJ36W9229* નું *પાસિંગ (Fitness) તા. 02-01-2026* એ પૂરું થાય છે. ⚠️ પાસિંગ સમયસર ન કરાવવાથી ઓનલાઇન મેમો આવી શકે છે. કૃપા કરીને પાસિંગ નિયમિત રીતે કરાવજો.પાસિંગ ચાલુ ના હોય તો વીમા ક્લેમ પાસ થતો નથી. ✅ અમારી પાસે પાસિંગ, પરમીટ, લાઇસન્સ, નામ ટ્રાન્સફર, વીમો વગેરે RTO ને લગતી તમામ સર્વિસ ઉપલબ્ધ છે. — 📞 સંપર્ક કરો: ANJALI-8141489538 | 8141488962 🏢 *ટોર્ક ઓટો એડવાઇઝર* બીજા માળે, જીલ કોમ્પલેક્સ, અયોધ્યાપૂરી રોડ, જૂના બસ સ્ટેન્ડ પાસે, મોરબી 🌐 www.torqueautoadvisor.com ✉️ info@torqueautoadvisor.com GST No. 24ALBPL1123D1ZY IRDA Code: 1980390000 MSME: UDYAM-GJ-32-0014559 📍 Office Location: https://share.google/IdNJCnrf2jFCWten6
A17: ANJALI-8141489538 | B17: GJ08AW4790 | C17: KALPESHKUMAR RAMESHBHAI KARPATIYA | D17: 46025 | E17: 17750 | F17: 45383 | G17: 6355820313 | H17: ="💬 *TORQUE AUTO ADVISOR – FITNESS / PASSING REMINDER* " & CHAR(10) & "📍 *Morbi*" & CHAR(10) & CHAR(10) & "🧾 *શ્રી " & C17 & " sir*, તમારી ગાડી *" & B17 & "* નું *પાસિંગ (Fitness) તા. " & TEXT(D17,"DD-MM-yyyy") & "* એ પૂરું થાય છે." & CHAR(10) & CHAR(10) & "⚠️ પાસિંગ સમયસર ન કરાવવાથી ઓનલાઇન મેમો આવી શકે છે. કૃપા કરીને પાસિંગ નિયમિત રીતે કરાવજો.પાસિંગ ચાલુ ના હોય તો વીમા ક્લેમ પાસ થતો નથી." & CHAR(10) & CHAR(10) & "✅ અમારી પાસે પાસિંગ, પરમીટ, લાઇસન્સ, નામ ટ્રાન્સફર, વીમો વગેરે RTO ને લગતી તમામ સર્વિસ ઉપલબ્ધ છે. —" & CHAR(10) & "📞 સંપર્ક કરો: " & A17 & " | 8141488962" & CHAR(10) & CHAR(10) & "🏢 *ટોર્ક ઓટો એડવાઇઝર*" & CHAR(10) & "બીજા માળે, જીલ કોમ્પલેક્સ, અયોધ્યાપૂરી રોડ," & CHAR(10) & "જૂના બસ સ્ટેન્ડ પાસે, મોરબી" & CHAR(10) & CHAR(10) & "🌐 www.torqueautoadvisor.com" & CHAR(10) & "✉️ info@torqueautoadvisor.com" & CHAR(10) & CHAR(10) & "GST No. 24ALBPL1123D1ZY" & CHAR(10) & "IRDA Code: 1980390000" & CHAR(10) & "MSME: UDYAM-GJ-32-0014559"& CHAR(10) & CHAR(10) & "📍 Office Location: https://share.google/IdNJCnrf2jFCWten6" -> 💬 *TORQUE AUTO ADVISOR – FITNESS / PASSING REMINDER* 📍 *Morbi* 🧾 *શ્રી KALPESHKUMAR RAMESHBHAI KARPATIYA sir*, તમારી ગાડી *GJ08AW4790* નું *પાસિંગ (Fitness) તા. 03-01-2026* એ પૂરું થાય છે. ⚠️ પાસિંગ સમયસર ન કરાવવાથી ઓનલાઇન મેમો આવી શકે છે. કૃપા કરીને પાસિંગ નિયમિત રીતે કરાવજો.પાસિંગ ચાલુ ના હોય તો વીમા ક્લેમ પાસ થતો નથી. ✅ અમારી પાસે પાસિંગ, પરમીટ, લાઇસન્સ, નામ ટ્રાન્સફર, વીમો વગેરે RTO ને લગતી તમામ સર્વિસ ઉપલબ્ધ છે. — 📞 સંપર્ક કરો: ANJALI-8141489538 | 8141488962 🏢 *ટોર્ક ઓટો એડવાઇઝર* બીજા માળે, જીલ કોમ્પલેક્સ, અયોધ્યાપૂરી રોડ, જૂના બસ સ્ટેન્ડ પાસે, મોરબી 🌐 www.torqueautoadvisor.com ✉️ info@torqueautoadvisor.com GST No. 24ALBPL1123D1ZY IRDA Code: 1980390000 MSME: UDYAM-GJ-32-0014559 📍 Office Location: https://share.google/IdNJCnrf2jFCWten6
A18: ANJALI-8141489538 | B18: GJ03BZ1676 | C18: RAVI SOLANKI | D18: 46025 | E18: 1600 | F18: 45383 | G18: 8141402138 | H18: ="💬 *TORQUE AUTO ADVISOR – FITNESS / PASSING REMINDER* " & CHAR(10) & "📍 *Morbi*" & CHAR(10) & CHAR(10) & "🧾 *શ્રી " & C18 & " sir*, તમારી ગાડી *" & B18 & "* નું *પાસિંગ (Fitness) તા. " & TEXT(D18,"DD-MM-yyyy") & "* એ પૂરું થાય છે." & CHAR(10) & CHAR(10) & "⚠️ પાસિંગ સમયસર ન કરાવવાથી ઓનલાઇન મેમો આવી શકે છે. કૃપા કરીને પાસિંગ નિયમિત રીતે કરાવજો.પાસિંગ ચાલુ ના હોય તો વીમા ક્લેમ પાસ થતો નથી." & CHAR(10) & CHAR(10) & "✅ અમારી પાસે પાસિંગ, પરમીટ, લાઇસન્સ, નામ ટ્રાન્સફર, વીમો વગેરે RTO ને લગતી તમામ સર્વિસ ઉપલબ્ધ છે. —" & CHAR(10) & "📞 સંપર્ક કરો: " & A18 & " | 8141488962" & CHAR(10) & CHAR(10) & "🏢 *ટોર્ક ઓટો એડવાઇઝર*" & CHAR(10) & "બીજા માળે, જીલ કોમ્પલેક્સ, અયોધ્યાપૂરી રોડ," & CHAR(10) & "જૂના બસ સ્ટેન્ડ પાસે, મોરબી" & CHAR(10) & CHAR(10) & "🌐 www.torqueautoadvisor.com" & CHAR(10) & "✉️ info@torqueautoadvisor.com" & CHAR(10) & CHAR(10) & "GST No. 24ALBPL1123D1ZY" & CHAR(10) & "IRDA Code: 1980390000" & CHAR(10) & "MSME: UDYAM-GJ-32-0014559"& CHAR(10) & CHAR(10) & "📍 Office Location: https://share.google/IdNJCnrf2jFCWten6" -> 💬 *TORQUE AUTO ADVISOR – FITNESS / PASSING REMINDER* 📍 *Morbi* 🧾 *શ્રી RAVI SOLANKI sir*, તમારી ગાડી *GJ03BZ1676* નું *પાસિંગ (Fitness) તા. 03-01-2026* એ પૂરું થાય છે. ⚠️ પાસિંગ સમયસર ન કરાવવાથી ઓનલાઇન મેમો આવી શકે છે. કૃપા કરીને પાસિંગ નિયમિત રીતે કરાવજો.પાસિંગ ચાલુ ના હોય તો વીમા ક્લેમ પાસ થતો નથી. ✅ અમારી પાસે પાસિંગ, પરમીટ, લાઇસન્સ, નામ ટ્રાન્સફર, વીમો વગેરે RTO ને લગતી તમામ સર્વિસ ઉપલબ્ધ છે. — 📞 સંપર્ક કરો: ANJALI-8141489538 | 8141488962 🏢 *ટોર્ક ઓટો એડવાઇઝર* બીજા માળે, જીલ કોમ્પલેક્સ, અયોધ્યાપૂરી રોડ, જૂના બસ સ્ટેન્ડ પાસે, મોરબી 🌐 www.torqueautoadvisor.com ✉️ info@torqueautoadvisor.com GST No. 24ALBPL1123D1ZY IRDA Code: 1980390000 MSME: UDYAM-GJ-32-0014559 📍 Office Location: https://share.google/IdNJCnrf2jFCWten6
A19: ANJALI-8141489538 | B19: GJ36T3675 | C19: VISHRAM PATEL | D19: 46025 | E19: 42000 | F19: 43101 | G19: 9039703788 | H19: ="💬 *TORQUE AUTO ADVISOR – FITNESS / PASSING REMINDER* " & CHAR(10) & "📍 *Morbi*" & CHAR(10) & CHAR(10) & "🧾 *શ્રી " & C19 & " sir*, તમારી ગાડી *" & B19 & "* નું *પાસિંગ (Fitness) તા. " & TEXT(D19,"DD-MM-yyyy") & "* એ પૂરું થાય છે." & CHAR(10) & CHAR(10) & "⚠️ પાસિંગ સમયસર ન કરાવવાથી ઓનલાઇન મેમો આવી શકે છે. કૃપા કરીને પાસિંગ નિયમિત રીતે કરાવજો.પાસિંગ ચાલુ ના હોય તો વીમા ક્લેમ પાસ થતો નથી." & CHAR(10) & CHAR(10) & "✅ અમારી પાસે પાસિંગ, પરમીટ, લાઇસન્સ, નામ ટ્રાન્સફર, વીમો વગેરે RTO ને લગતી તમામ સર્વિસ ઉપલબ્ધ છે. —" & CHAR(10) & "📞 સંપર્ક કરો: " & A19 & " | 8141488962" & CHAR(10) & CHAR(10) & "🏢 *ટોર્ક ઓટો એડવાઇઝર*" & CHAR(10) & "બીજા માળે, જીલ કોમ્પલેક્સ, અયોધ્યાપૂરી રોડ," & CHAR(10) & "જૂના બસ સ્ટેન્ડ પાસે, મોરબી" & CHAR(10) & CHAR(10) & "🌐 www.torqueautoadvisor.com" & CHAR(10) & "✉️ info@torqueautoadvisor.com" & CHAR(10) & CHAR(10) & "GST No. 24ALBPL1123D1ZY" & CHAR(10) & "IRDA Code: 1980390000" & CHAR(10) & "MSME: UDYAM-GJ-32-0014559"& CHAR(10) & CHAR(10) & "📍 Office Location: https://share.google/IdNJCnrf2jFCWten6" -> 💬 *TORQUE AUTO ADVISOR – FITNESS / PASSING REMINDER* 📍 *Morbi* 🧾 *શ્રી VISHRAM PATEL sir*, તમારી ગાડી *GJ36T3675* નું *પાસિંગ (Fitness) તા. 03-01-2026* એ પૂરું થાય છે. ⚠️ પાસિંગ સમયસર ન કરાવવાથી ઓનલાઇન મેમો આવી શકે છે. કૃપા કરીને પાસિંગ નિયમિત રીતે કરાવજો.પાસિંગ ચાલુ ના હોય તો વીમા ક્લેમ પાસ થતો નથી. ✅ અમારી પાસે પાસિંગ, પરમીટ, લાઇસન્સ, નામ ટ્રાન્સફર, વીમો વગેરે RTO ને લગતી તમામ સર્વિસ ઉપલબ્ધ છે. — 📞 સંપર્ક કરો: ANJALI-8141489538 | 8141488962 🏢 *ટોર્ક ઓટો એડવાઇઝર* બીજા માળે, જીલ કોમ્પલેક્સ, અયોધ્યાપૂરી રોડ, જૂના બસ સ્ટેન્ડ પાસે, મોરબી 🌐 www.torqueautoadvisor.com ✉️ info@torqueautoadvisor.com GST No. 24ALBPL1123D1ZY IRDA Code: 1980390000 MSME: UDYAM-GJ-32-0014559 📍 Office Location: https://share.google/IdNJCnrf2jFCWten6
A20: ANJALI-8141489538 | B20: GJ36V5816 | C20: VIPUL KUVARJI SOLANKI | D20: 46025 | E20: 1600 | F20: 45383 | G20: 9512278302 | H20: ="💬 *TORQUE AUTO ADVISOR – FITNESS / PASSING REMINDER* " & CHAR(10) & "📍 *Morbi*" & CHAR(10) & CHAR(10) & "🧾 *શ્રી " & C20 & " sir*, તમારી ગાડી *" & B20 & "* નું *પાસિંગ (Fitness) તા. " & TEXT(D20,"DD-MM-yyyy") & "* એ પૂરું થાય છે." & CHAR(10) & CHAR(10) & "⚠️ પાસિંગ સમયસર ન કરાવવાથી ઓનલાઇન મેમો આવી શકે છે. કૃપા કરીને પાસિંગ નિયમિત રીતે કરાવજો.પાસિંગ ચાલુ ના હોય તો વીમા ક્લેમ પાસ થતો નથી." & CHAR(10) & CHAR(10) & "✅ અમારી પાસે પાસિંગ, પરમીટ, લાઇસન્સ, નામ ટ્રાન્સફર, વીમો વગેરે RTO ને લગતી તમામ સર્વિસ ઉપલબ્ધ છે. —" & CHAR(10) & "📞 સંપર્ક કરો: " & A20 & " | 8141488962" & CHAR(10) & CHAR(10) & "🏢 *ટોર્ક ઓટો એડવાઇઝર*" & CHAR(10) & "બીજા માળે, જીલ કોમ્પલેક્સ, અયોધ્યાપૂરી રોડ," & CHAR(10) & "જૂના બસ સ્ટેન્ડ પાસે, મોરબી" & CHAR(10) & CHAR(10) & "🌐 www.torqueautoadvisor.com" & CHAR(10) & "✉️ info@torqueautoadvisor.com" & CHAR(10) & CHAR(10) & "GST No. 24ALBPL1123D1ZY" & CHAR(10) & "IRDA Code: 1980390000" & CHAR(10) & "MSME: UDYAM-GJ-32-0014559"& CHAR(10) & CHAR(10) & "📍 Office Location: https://share.google/IdNJCnrf2jFCWten6" -> 💬 *TORQUE AUTO ADVISOR – FITNESS / PASSING REMINDER* 📍 *Morbi* 🧾 *શ્રી VIPUL KUVARJI SOLANKI sir*, તમારી ગાડી *GJ36V5816* નું *પાસિંગ (Fitness) તા. 03-01-2026* એ પૂરું થાય છે. ⚠️ પાસિંગ સમયસર ન કરાવવાથી ઓનલાઇન મેમો આવી શકે છે. કૃપા કરીને પાસિંગ નિયમિત રીતે કરાવજો.પાસિંગ ચાલુ ના હોય તો વીમા ક્લેમ પાસ થતો નથી. ✅ અમારી પાસે પાસિંગ, પરમીટ, લાઇસન્સ, નામ ટ્રાન્સફર, વીમો વગેરે RTO ને લગતી તમામ સર્વિસ ઉપલબ્ધ છે. — 📞 સંપર્ક કરો: ANJALI-8141489538 | 8141488962 🏢 *ટોર્ક ઓટો એડવાઇઝર* બીજા માળે, જીલ કોમ્પલેક્સ, અયોધ્યાપૂરી રોડ, જૂના બસ સ્ટેન્ડ પાસે, મોરબી 🌐 www.torqueautoadvisor.com ✉️ info@torqueautoadvisor.com GST No. 24ALBPL1123D1ZY IRDA Code: 1980390000 MSME: UDYAM-GJ-32-0014559 📍 Office Location: https://share.google/IdNJCnrf2jFCWten6
A21: ANJALI-8141489538 | B21: GJ36V6423 | C21: DIPAK PATADIYA | D21: 46025 | E21: 1600 | F21: 45383 | G21: 9773085410 | H21: ="💬 *TORQUE AUTO ADVISOR – FITNESS / PASSING REMINDER* " & CHAR(10) & "📍 *Morbi*" & CHAR(10) & CHAR(10) & "🧾 *શ્રી " & C21 & " sir*, તમારી ગાડી *" & B21 & "* નું *પાસિંગ (Fitness) તા. " & TEXT(D21,"DD-MM-yyyy") & "* એ પૂરું થાય છે." & CHAR(10) & CHAR(10) & "⚠️ પાસિંગ સમયસર ન કરાવવાથી ઓનલાઇન મેમો આવી શકે છે. કૃપા કરીને પાસિંગ નિયમિત રીતે કરાવજો.પાસિંગ ચાલુ ના હોય તો વીમા ક્લેમ પાસ થતો નથી." & CHAR(10) & CHAR(10) & "✅ અમારી પાસે પાસિંગ, પરમીટ, લાઇસન્સ, નામ ટ્રાન્સફર, વીમો વગેરે RTO ને લગતી તમામ સર્વિસ ઉપલબ્ધ છે. —" & CHAR(10) & "📞 સંપર્ક કરો: " & A21 & " | 8141488962" & CHAR(10) & CHAR(10) & "🏢 *ટોર્ક ઓટો એડવાઇઝર*" & CHAR(10) & "બીજા માળે, જીલ કોમ્પલેક્સ, અયોધ્યાપૂરી રોડ," & CHAR(10) & "જૂના બસ સ્ટેન્ડ પાસે, મોરબી" & CHAR(10) & CHAR(10) & "🌐 www.torqueautoadvisor.com" & CHAR(10) & "✉️ info@torqueautoadvisor.com" & CHAR(10) & CHAR(10) & "GST No. 24ALBPL1123D1ZY" & CHAR(10) & "IRDA Code: 1980390000" & CHAR(10) & "MSME: UDYAM-GJ-32-0014559"& CHAR(10) & CHAR(10) & "📍 Office Location: https://share.google/IdNJCnrf2jFCWten6" -> 💬 *TORQUE AUTO ADVISOR – FITNESS / PASSING REMINDER* 📍 *Morbi* 🧾 *શ્રી DIPAK PATADIYA sir*, તમારી ગાડી *GJ36V6423* નું *પાસિંગ (Fitness) તા. 03-01-2026* એ પૂરું થાય છે. ⚠️ પાસિંગ સમયસર ન કરાવવાથી ઓનલાઇન મેમો આવી શકે છે. કૃપા કરીને પાસિંગ નિયમિત રીતે કરાવજો.પાસિંગ ચાલુ ના હોય તો વીમા ક્લેમ પાસ થતો નથી. ✅ અમારી પાસે પાસિંગ, પરમીટ, લાઇસન્સ, નામ ટ્રાન્સફર, વીમો વગેરે RTO ને લગતી તમામ સર્વિસ ઉપલબ્ધ છે. — 📞 સંપર્ક કરો: ANJALI-8141489538 | 8141488962 🏢 *ટોર્ક ઓટો એડવાઇઝર* બીજા માળે, જીલ કોમ્પલેક્સ, અયોધ્યાપૂરી રોડ, જૂના બસ સ્ટેન્ડ પાસે, મોરબી 🌐 www.torqueautoadvisor.com ✉️ info@torqueautoadvisor.com GST No. 24ALBPL1123D1ZY IRDA Code: 1980390000 MSME: UDYAM-GJ-32-0014559 📍 Office Location: https://share.google/IdNJCnrf2jFCWten6
A22: ANJALI-8141489538 | B22: GJ12X1694 | C22: GARCHAR NARANBHAI LAKHMANBHAI | D22: 46025 | E22: 18500 | F22: 38508 | G22: 9879024612 | H22: ="💬 *TORQUE AUTO ADVISOR – FITNESS / PASSING REMINDER* " & CHAR(10) & "📍 *Morbi*" & CHAR(10) & CHAR(10) & "🧾 *શ્રી " & C22 & " sir*, તમારી ગાડી *" & B22 & "* નું *પાસિંગ (Fitness) તા. " & TEXT(D22,"DD-MM-yyyy") & "* એ પૂરું થાય છે." & CHAR(10) & CHAR(10) & "⚠️ પાસિંગ સમયસર ન કરાવવાથી ઓનલાઇન મેમો આવી શકે છે. કૃપા કરીને પાસિંગ નિયમિત રીતે કરાવજો.પાસિંગ ચાલુ ના હોય તો વીમા ક્લેમ પાસ થતો નથી." & CHAR(10) & CHAR(10) & "✅ અમારી પાસે પાસિંગ, પરમીટ, લાઇસન્સ, નામ ટ્રાન્સફર, વીમો વગેરે RTO ને લગતી તમામ સર્વિસ ઉપલબ્ધ છે. —" & CHAR(10) & "📞 સંપર્ક કરો: " & A22 & " | 8141488962" & CHAR(10) & CHAR(10) & "🏢 *ટોર્ક ઓટો એડવાઇઝર*" & CHAR(10) & "બીજા માળે, જીલ કોમ્પલેક્સ, અયોધ્યાપૂરી રોડ," & CHAR(10) & "જૂના બસ સ્ટેન્ડ પાસે, મોરબી" & CHAR(10) & CHAR(10) & "🌐 www.torqueautoadvisor.com" & CHAR(10) & "✉️ info@torqueautoadvisor.com" & CHAR(10) & CHAR(10) & "GST No. 24ALBPL1123D1ZY" & CHAR(10) & "IRDA Code: 1980390000" & CHAR(10) & "MSME: UDYAM-GJ-32-0014559"& CHAR(10) & CHAR(10) & "📍 Office Location: https://share.google/IdNJCnrf2jFCWten6" -> 💬 *TORQUE AUTO ADVISOR – FITNESS / PASSING REMINDER* 📍 *Morbi* 🧾 *શ્રી GARCHAR NARANBHAI LAKHMANBHAI sir*, તમારી ગાડી *GJ12X1694* નું *પાસિંગ (Fitness) તા. 03-01-2026* એ પૂરું થાય છે. ⚠️ પાસિંગ સમયસર ન કરાવવાથી ઓનલાઇન મેમો આવી શકે છે. કૃપા કરીને પાસિંગ નિયમિત રીતે કરાવજો.પાસિંગ ચાલુ ના હોય તો વીમા ક્લેમ પાસ થતો નથી. ✅ અમારી પાસે પાસિંગ, પરમીટ, લાઇસન્સ, નામ ટ્રાન્સફર, વીમો વગેરે RTO ને લગતી તમામ સર્વિસ ઉપલબ્ધ છે. — 📞 સંપર્ક કરો: ANJALI-8141489538 | 8141488962 🏢 *ટોર્ક ઓટો એડવાઇઝર* બીજા માળે, જીલ કોમ્પલેક્સ, અયોધ્યાપૂરી રોડ, જૂના બસ સ્ટેન્ડ પાસે, મોરબી 🌐 www.torqueautoadvisor.com ✉️ info@torqueautoadvisor.com GST No. 24ALBPL1123D1ZY IRDA Code: 1980390000 MSME: UDYAM-GJ-32-0014559 📍 Office Location: https://share.google/IdNJCnrf2jFCWten6
A23: ANJALI-8141489538 | B23: GJ36S2655 | C23: FUSION GRANITO PVT LTD | D23: 46025 | E23: 0 | F23: 44682 | G23: 9909173071 | H23: ="💬 *TORQUE AUTO ADVISOR – FITNESS / PASSING REMINDER* " & CHAR(10) & "📍 *Morbi*" & CHAR(10) & CHAR(10) & "🧾 *શ્રી " & C23 & " sir*, તમારી ગાડી *" & B23 & "* નું *પાસિંગ (Fitness) તા. " & TEXT(D23,"DD-MM-yyyy") & "* એ પૂરું થાય છે." & CHAR(10) & CHAR(10) & "⚠️ પાસિંગ સમયસર ન કરાવવાથી ઓનલાઇન મેમો આવી શકે છે. કૃપા કરીને પાસિંગ નિયમિત રીતે કરાવજો.પાસિંગ ચાલુ ના હોય તો વીમા ક્લેમ પાસ થતો નથી." & CHAR(10) & CHAR(10) & "✅ અમારી પાસે પાસિંગ, પરમીટ, લાઇસન્સ, નામ ટ્રાન્સફર, વીમો વગેરે RTO ને લગતી તમામ સર્વિસ ઉપલબ્ધ છે. —" & CHAR(10) & "📞 સંપર્ક કરો: " & A23 & " | 8141488962" & CHAR(10) & CHAR(10) & "🏢 *ટોર્ક ઓટો એડવાઇઝર*" & CHAR(10) & "બીજા માળે, જીલ કોમ્પલેક્સ, અયોધ્યાપૂરી રોડ," & CHAR(10) & "જૂના બસ સ્ટેન્ડ પાસે, મોરબી" & CHAR(10) & CHAR(10) & "🌐 www.torqueautoadvisor.com" & CHAR(10) & "✉️ info@torqueautoadvisor.com" & CHAR(10) & CHAR(10) & "GST No. 24ALBPL1123D1ZY" & CHAR(10) & "IRDA Code: 1980390000" & CHAR(10) & "MSME: UDYAM-GJ-32-0014559"& CHAR(10) & CHAR(10) & "📍 Office Location: https://share.google/IdNJCnrf2jFCWten6" -> 💬 *TORQUE AUTO ADVISOR – FITNESS / PASSING REMINDER* 📍 *Morbi* 🧾 *શ્રી FUSION GRANITO PVT LTD sir*, તમારી ગાડી *GJ36S2655* નું *પાસિંગ (Fitness) તા. 03-01-2026* એ પૂરું થાય છે. ⚠️ પાસિંગ સમયસર ન કરાવવાથી ઓનલાઇન મેમો આવી શકે છે. કૃપા કરીને પાસિંગ નિયમિત રીતે કરાવજો.પાસિંગ ચાલુ ના હોય તો વીમા ક્લેમ પાસ થતો નથી. ✅ અમારી પાસે પાસિંગ, પરમીટ, લાઇસન્સ, નામ ટ્રાન્સફર, વીમો વગેરે RTO ને લગતી તમામ સર્વિસ ઉપલબ્ધ છે. — 📞 સંપર્ક કરો: ANJALI-8141489538 | 8141488962 🏢 *ટોર્ક ઓટો એડવાઇઝર* બીજા માળે, જીલ કોમ્પલેક્સ, અયોધ્યાપૂરી રોડ, જૂના બસ સ્ટેન્ડ પાસે, મોરબી 🌐 www.torqueautoadvisor.com ✉️ info@torqueautoadvisor.com GST No. 24ALBPL1123D1ZY IRDA Code: 1980390000 MSME: UDYAM-GJ-32-0014559 📍 Office Location: https://share.google/IdNJCnrf2jFCWten6
A24: ANJALI-8141489538 | B24: GJ02ZZ7524 | C24: AJEET | D24: 46025 | E24: 42000 | F24: 16/09/19 | G24: 9979103215 | H24: ="💬 *TORQUE AUTO ADVISOR – FITNESS / PASSING REMINDER* " & CHAR(10) & "📍 *Morbi*" & CHAR(10) & CHAR(10) & "🧾 *શ્રી " & C24 & " sir*, તમારી ગાડી *" & B24 & "* નું *પાસિંગ (Fitness) તા. " & TEXT(D24,"DD-MM-yyyy") & "* એ પૂરું થાય છે." & CHAR(10) & CHAR(10) & "⚠️ પાસિંગ સમયસર ન કરાવવાથી ઓનલાઇન મેમો આવી શકે છે. કૃપા કરીને પાસિંગ નિયમિત રીતે કરાવજો.પાસિંગ ચાલુ ના હોય તો વીમા ક્લેમ પાસ થતો નથી." & CHAR(10) & CHAR(10) & "✅ અમારી પાસે પાસિંગ, પરમીટ, લાઇસન્સ, નામ ટ્રાન્સફર, વીમો વગેરે RTO ને લગતી તમામ સર્વિસ ઉપલબ્ધ છે. —" & CHAR(10) & "📞 સંપર્ક કરો: " & A24 & " | 8141488962" & CHAR(10) & CHAR(10) & "🏢 *ટોર્ક ઓટો એડવાઇઝર*" & CHAR(10) & "બીજા માળે, જીલ કોમ્પલેક્સ, અયોધ્યાપૂરી રોડ," & CHAR(10) & "જૂના બસ સ્ટેન્ડ પાસે, મોરબી" & CHAR(10) & CHAR(10) & "🌐 www.torqueautoadvisor.com" & CHAR(10) & "✉️ info@torqueautoadvisor.com" & CHAR(10) & CHAR(10) & "GST No. 24ALBPL1123D1ZY" & CHAR(10) & "IRDA Code: 1980390000" & CHAR(10) & "MSME: UDYAM-GJ-32-0014559"& CHAR(10) & CHAR(10) & "📍 Office Location: https://share.google/IdNJCnrf2jFCWten6" -> 💬 *TORQUE AUTO ADVISOR – FITNESS / PASSING REMINDER* 📍 *Morbi* 🧾 *શ્રી AJEET sir*, તમારી ગાડી *GJ02ZZ7524* નું *પાસિંગ (Fitness) તા. 03-01-2026* એ પૂરું થાય છે. ⚠️ પાસિંગ સમયસર ન કરાવવાથી ઓનલાઇન મેમો આવી શકે છે. કૃપા કરીને પાસિંગ નિયમિત રીતે કરાવજો.પાસિંગ ચાલુ ના હોય તો વીમા ક્લેમ પાસ થતો નથી. ✅ અમારી પાસે પાસિંગ, પરમીટ, લાઇસન્સ, નામ ટ્રાન્સફર, વીમો વગેરે RTO ને લગતી તમામ સર્વિસ ઉપલબ્ધ છે. — 📞 સંપર્ક કરો: ANJALI-8141489538 | 8141488962 🏢 *ટોર્ક ઓટો એડવાઇઝર* બીજા માળે, જીલ કોમ્પલેક્સ, અયોધ્યાપૂરી રોડ, જૂના બસ સ્ટેન્ડ પાસે, મોરબી 🌐 www.torqueautoadvisor.com ✉️ info@torqueautoadvisor.com GST No. 24ALBPL1123D1ZY IRDA Code: 1980390000 MSME: UDYAM-GJ-32-0014559 📍 Office Location: https://share.google/IdNJCnrf2jFCWten6
A25: ANJALI-8141489538 | B25: GJ13AV7047 | C25: VIKRAMBHAI | D25: 46026 | E25: 717 | F25: 45413 | G25: 6351099617 | H25: ="💬 *TORQUE AUTO ADVISOR – FITNESS / PASSING REMINDER* " & CHAR(10) & "📍 *Morbi*" & CHAR(10) & CHAR(10) & "🧾 *શ્રી " & C25 & " sir*, તમારી ગાડી *" & B25 & "* નું *પાસિંગ (Fitness) તા. " & TEXT(D25,"DD-MM-yyyy") & "* એ પૂરું થાય છે." & CHAR(10) & CHAR(10) & "⚠️ પાસિંગ સમયસર ન કરાવવાથી ઓનલાઇન મેમો આવી શકે છે. કૃપા કરીને પાસિંગ નિયમિત રીતે કરાવજો.પાસિંગ ચાલુ ના હોય તો વીમા ક્લેમ પાસ થતો નથી." & CHAR(10) & CHAR(10) & "✅ અમારી પાસે પાસિંગ, પરમીટ, લાઇસન્સ, નામ ટ્રાન્સફર, વીમો વગેરે RTO ને લગતી તમામ સર્વિસ ઉપલબ્ધ છે. —" & CHAR(10) & "📞 સંપર્ક કરો: " & A25 & " | 8141488962" & CHAR(10) & CHAR(10) & "🏢 *ટોર્ક ઓટો એડવાઇઝર*" & CHAR(10) & "બીજા માળે, જીલ કોમ્પલેક્સ, અયોધ્યાપૂરી રોડ," & CHAR(10) & "જૂના બસ સ્ટેન્ડ પાસે, મોરબી" & CHAR(10) & CHAR(10) & "🌐 www.torqueautoadvisor.com" & CHAR(10) & "✉️ info@torqueautoadvisor.com" & CHAR(10) & CHAR(10) & "GST No. 24ALBPL1123D1ZY" & CHAR(10) & "IRDA Code: 1980390000" & CHAR(10) & "MSME: UDYAM-GJ-32-0014559"& CHAR(10) & CHAR(10) & "📍 Office Location: https://share.google/IdNJCnrf2jFCWten6" -> 💬 *TORQUE AUTO ADVISOR – FITNESS / PASSING REMINDER* 📍 *Morbi* 🧾 *શ્રી VIKRAMBHAI sir*, તમારી ગાડી *GJ13AV7047* નું *પાસિંગ (Fitness) તા. 04-01-2026* એ પૂરું થાય છે. ⚠️ પાસિંગ સમયસર ન કરાવવાથી ઓનલાઇન મેમો આવી શકે છે. કૃપા કરીને પાસિંગ નિયમિત રીતે કરાવજો.પાસિંગ ચાલુ ના હોય તો વીમા ક્લેમ પાસ થતો નથી. ✅ અમારી પાસે પાસિંગ, પરમીટ, લાઇસન્સ, નામ ટ્રાન્સફર, વીમો વગેરે RTO ને લગતી તમામ સર્વિસ ઉપલબ્ધ છે. — 📞 સંપર્ક કરો: ANJALI-8141489538 | 8141488962 🏢 *ટોર્ક ઓટો એડવાઇઝર* બીજા માળે, જીલ કોમ્પલેક્સ, અયોધ્યાપૂરી રોડ, જૂના બસ સ્ટેન્ડ પાસે, મોરબી 🌐 www.torqueautoadvisor.com ✉️ info@torqueautoadvisor.com GST No. 24ALBPL1123D1ZY IRDA Code: 1980390000 MSME: UDYAM-GJ-32-0014559 📍 Office Location: https://share.google/IdNJCnrf2jFCWten6
A26: ANJALI-8141489538 | B26: GJ36V2792 | C26: KANDHABHAI VIRAMBHAI PARMAR | D26: 46026 | E26: 47500 | F26: 44682 | G26: 7435929092 | H26: ="💬 *TORQUE AUTO ADVISOR – FITNESS / PASSING REMINDER* " & CHAR(10) & "📍 *Morbi*" & CHAR(10) & CHAR(10) & "🧾 *શ્રી " & C26 & " sir*, તમારી ગાડી *" & B26 & "* નું *પાસિંગ (Fitness) તા. " & TEXT(D26,"DD-MM-yyyy") & "* એ પૂરું થાય છે." & CHAR(10) & CHAR(10) & "⚠️ પાસિંગ સમયસર ન કરાવવાથી ઓનલાઇન મેમો આવી શકે છે. કૃપા કરીને પાસિંગ નિયમિત રીતે કરાવજો.પાસિંગ ચાલુ ના હોય તો વીમા ક્લેમ પાસ થતો નથી." & CHAR(10) & CHAR(10) & "✅ અમારી પાસે પાસિંગ, પરમીટ, લાઇસન્સ, નામ ટ્રાન્સફર, વીમો વગેરે RTO ને લગતી તમામ સર્વિસ ઉપલબ્ધ છે. —" & CHAR(10) & "📞 સંપર્ક કરો: " & A26 & " | 8141488962" & CHAR(10) & CHAR(10) & "🏢 *ટોર્ક ઓટો એડવાઇઝર*" & CHAR(10) & "બીજા માળે, જીલ કોમ્પલેક્સ, અયોધ્યાપૂરી રોડ," & CHAR(10) & "જૂના બસ સ્ટેન્ડ પાસે, મોરબી" & CHAR(10) & CHAR(10) & "🌐 www.torqueautoadvisor.com" & CHAR(10) & "✉️ info@torqueautoadvisor.com" & CHAR(10) & CHAR(10) & "GST No. 24ALBPL1123D1ZY" & CHAR(10) & "IRDA Code: 1980390000" & CHAR(10) & "MSME: UDYAM-GJ-32-0014559"& CHAR(10) & CHAR(10) & "📍 Office Location: https://share.google/IdNJCnrf2jFCWten6" -> 💬 *TORQUE AUTO ADVISOR – FITNESS / PASSING REMINDER* 📍 *Morbi* 🧾 *શ્રી KANDHABHAI VIRAMBHAI PARMAR sir*, તમારી ગાડી *GJ36V2792* નું *પાસિંગ (Fitness) તા. 04-01-2026* એ પૂરું થાય છે. ⚠️ પાસિંગ સમયસર ન કરાવવાથી ઓનલાઇન મેમો આવી શકે છે. કૃપા કરીને પાસિંગ નિયમિત રીતે કરાવજો.પાસિંગ ચાલુ ના હોય તો વીમા ક્લેમ પાસ થતો નથી. ✅ અમારી પાસે પાસિંગ, પરમીટ, લાઇસન્સ, નામ ટ્રાન્સફર, વીમો વગેરે RTO ને લગતી તમામ સર્વિસ ઉપલબ્ધ છે. — 📞 સંપર્ક કરો: ANJALI-8141489538 | 8141488962 🏢 *ટોર્ક ઓટો એડવાઇઝર* બીજા માળે, જીલ કોમ્પલેક્સ, અયોધ્યાપૂરી રોડ, જૂના બસ સ્ટેન્ડ પાસે, મોરબી 🌐 www.torqueautoadvisor.com ✉️ info@torqueautoadvisor.com GST No. 24ALBPL1123D1ZY IRDA Code: 1980390000 MSME: UDYAM-GJ-32-0014559 📍 Office Location: https://share.google/IdNJCnrf2jFCWten6
A27: ANJALI-8141489538 | B27: GJ36V3592 | C27: KANDHABHAI VIRAMBHAI PARMAR | D27: 46026 | E27: 47500 | F27: 44682 | G27: 7435929092 | H27: ="💬 *TORQUE AUTO ADVISOR – FITNESS / PASSING REMINDER* " & CHAR(10) & "📍 *Morbi*" & CHAR(10) & CHAR(10) & "🧾 *શ્રી " & C27 & " sir*, તમારી ગાડી *" & B27 & "* નું *પાસિંગ (Fitness) તા. " & TEXT(D27,"DD-MM-yyyy") & "* એ પૂરું થાય છે." & CHAR(10) & CHAR(10) & "⚠️ પાસિંગ સમયસર ન કરાવવાથી ઓનલાઇન મેમો આવી શકે છે. કૃપા કરીને પાસિંગ નિયમિત રીતે કરાવજો.પાસિંગ ચાલુ ના હોય તો વીમા ક્લેમ પાસ થતો નથી." & CHAR(10) & CHAR(10) & "✅ અમારી પાસે પાસિંગ, પરમીટ, લાઇસન્સ, નામ ટ્રાન્સફર, વીમો વગેરે RTO ને લગતી તમામ સર્વિસ ઉપલબ્ધ છે. —" & CHAR(10) & "📞 સંપર્ક કરો: " & A27 & " | 8141488962" & CHAR(10) & CHAR(10) & "🏢 *ટોર્ક ઓટો એડવાઇઝર*" & CHAR(10) & "બીજા માળે, જીલ કોમ્પલેક્સ, અયોધ્યાપૂરી રોડ," & CHAR(10) & "જૂના બસ સ્ટેન્ડ પાસે, મોરબી" & CHAR(10) & CHAR(10) & "🌐 www.torqueautoadvisor.com" & CHAR(10) & "✉️ info@torqueautoadvisor.com" & CHAR(10) & CHAR(10) & "GST No. 24ALBPL1123D1ZY" & CHAR(10) & "IRDA Code: 1980390000" & CHAR(10) & "MSME: UDYAM-GJ-32-0014559"& CHAR(10) & CHAR(10) & "📍 Office Location: https://share.google/IdNJCnrf2jFCWten6" -> 💬 *TORQUE AUTO ADVISOR – FITNESS / PASSING REMINDER* 📍 *Morbi* 🧾 *શ્રી KANDHABHAI VIRAMBHAI PARMAR sir*, તમારી ગાડી *GJ36V3592* નું *પાસિંગ (Fitness) તા. 04-01-2026* એ પૂરું થાય છે. ⚠️ પાસિંગ સમયસર ન કરાવવાથી ઓનલાઇન મેમો આવી શકે છે. કૃપા કરીને પાસિંગ નિયમિત રીતે કરાવજો.પાસિંગ ચાલુ ના હોય તો વીમા ક્લેમ પાસ થતો નથી. ✅ અમારી પાસે પાસિંગ, પરમીટ, લાઇસન્સ, નામ ટ્રાન્સફર, વીમો વગેરે RTO ને લગતી તમામ સર્વિસ ઉપલબ્ધ છે. — 📞 સંપર્ક કરો: ANJALI-8141489538 | 8141488962 🏢 *ટોર્ક ઓટો એડવાઇઝર* બીજા માળે, જીલ કોમ્પલેક્સ, અયોધ્યાપૂરી રોડ, જૂના બસ સ્ટેન્ડ પાસે, મોરબી 🌐 www.torqueautoadvisor.com ✉️ info@torqueautoadvisor.com GST No. 24ALBPL1123D1ZY IRDA Code: 1980390000 MSME: UDYAM-GJ-32-0014559 📍 Office Location: https://share.google/IdNJCnrf2jFCWten6
A28: ANJALI-8141489538 | B28: GJ36V3692 | C28: KANDHABHAI VIRAMBHAI PARMAR | D28: 46026 | E28: 47500 | F28: 44682 | G28: 7435929092 | H28: ="💬 *TORQUE AUTO ADVISOR – FITNESS / PASSING REMINDER* " & CHAR(10) & "📍 *Morbi*" & CHAR(10) & CHAR(10) & "🧾 *શ્રી " & C28 & " sir*, તમારી ગાડી *" & B28 & "* નું *પાસિંગ (Fitness) તા. " & TEXT(D28,"DD-MM-yyyy") & "* એ પૂરું થાય છે." & CHAR(10) & CHAR(10) & "⚠️ પાસિંગ સમયસર ન કરાવવાથી ઓનલાઇન મેમો આવી શકે છે. કૃપા કરીને પાસિંગ નિયમિત રીતે કરાવજો.પાસિંગ ચાલુ ના હોય તો વીમા ક્લેમ પાસ થતો નથી." & CHAR(10) & CHAR(10) & "✅ અમારી પાસે પાસિંગ, પરમીટ, લાઇસન્સ, નામ ટ્રાન્સફર, વીમો વગેરે RTO ને લગતી તમામ સર્વિસ ઉપલબ્ધ છે. —" & CHAR(10) & "📞 સંપર્ક કરો: " & A28 & " | 8141488962" & CHAR(10) & CHAR(10) & "🏢 *ટોર્ક ઓટો એડવાઇઝર*" & CHAR(10) & "બીજા માળે, જીલ કોમ્પલેક્સ, અયોધ્યાપૂરી રોડ," & CHAR(10) & "જૂના બસ સ્ટેન્ડ પાસે, મોરબી" & CHAR(10) & CHAR(10) & "🌐 www.torqueautoadvisor.com" & CHAR(10) & "✉️ info@torqueautoadvisor.com" & CHAR(10) & CHAR(10) & "GST No. 24ALBPL1123D1ZY" & CHAR(10) & "IRDA Code: 1980390000" & CHAR(10) & "MSME: UDYAM-GJ-32-0014559"& CHAR(10) & CHAR(10) & "📍 Office Location: https://share.google/IdNJCnrf2jFCWten6" -> 💬 *TORQUE AUTO ADVISOR – FITNESS / PASSING REMINDER* 📍 *Morbi* 🧾 *શ્રી KANDHABHAI VIRAMBHAI PARMAR sir*, તમારી ગાડી *GJ36V3692* નું *પાસિંગ (Fitness) તા. 04-01-2026* એ પૂરું થાય છે. ⚠️ પાસિંગ સમયસર ન કરાવવાથી ઓનલાઇન મેમો આવી શકે છે. કૃપા કરીને પાસિંગ નિયમિત રીતે કરાવજો.પાસિંગ ચાલુ ના હોય તો વીમા ક્લેમ પાસ થતો નથી. ✅ અમારી પાસે પાસિંગ, પરમીટ, લાઇસન્સ, નામ ટ્રાન્સફર, વીમો વગેરે RTO ને લગતી તમામ સર્વિસ ઉપલબ્ધ છે. — 📞 સંપર્ક કરો: ANJALI-8141489538 | 8141488962 🏢 *ટોર્ક ઓટો એડવાઇઝર* બીજા માળે, જીલ કોમ્પલેક્સ, અયોધ્યાપૂરી રોડ, જૂના બસ સ્ટેન્ડ પાસે, મોરબી 🌐 www.torqueautoadvisor.com ✉️ info@torqueautoadvisor.com GST No. 24ALBPL1123D1ZY IRDA Code: 1980390000 MSME: UDYAM-GJ-32-0014559 📍 Office Location: https://share.google/IdNJCnrf2jFCWten6
A29: ANJALI-8141489538 | B29: GJ36V4592 | C29: KANDHABHAI VIRAMBHAI PARMAR | D29: 46026 | E29: 47500 | F29: 44682 | G29: 7435929092 | H29: ="💬 *TORQUE AUTO ADVISOR – FITNESS / PASSING REMINDER* " & CHAR(10) & "📍 *Morbi*" & CHAR(10) & CHAR(10) & "🧾 *શ્રી " & C29 & " sir*, તમારી ગાડી *" & B29 & "* નું *પાસિંગ (Fitness) તા. " & TEXT(D29,"DD-MM-yyyy") & "* એ પૂરું થાય છે." & CHAR(10) & CHAR(10) & "⚠️ પાસિંગ સમયસર ન કરાવવાથી ઓનલાઇન મેમો આવી શકે છે. કૃપા કરીને પાસિંગ નિયમિત રીતે કરાવજો.પાસિંગ ચાલુ ના હોય તો વીમા ક્લેમ પાસ થતો નથી." & CHAR(10) & CHAR(10) & "✅ અમારી પાસે પાસિંગ, પરમીટ, લાઇસન્સ, નામ ટ્રાન્સફર, વીમો વગેરે RTO ને લગતી તમામ સર્વિસ ઉપલબ્ધ છે. —" & CHAR(10) & "📞 સંપર્ક કરો: " & A29 & " | 8141488962" & CHAR(10) & CHAR(10) & "🏢 *ટોર્ક ઓટો એડવાઇઝર*" & CHAR(10) & "બીજા માળે, જીલ કોમ્પલેક્સ, અયોધ્યાપૂરી રોડ," & CHAR(10) & "જૂના બસ સ્ટેન્ડ પાસે, મોરબી" & CHAR(10) & CHAR(10) & "🌐 www.torqueautoadvisor.com" & CHAR(10) & "✉️ info@torqueautoadvisor.com" & CHAR(10) & CHAR(10) & "GST No. 24ALBPL1123D1ZY" & CHAR(10) & "IRDA Code: 1980390000" & CHAR(10) & "MSME: UDYAM-GJ-32-0014559"& CHAR(10) & CHAR(10) & "📍 Office Location: https://share.google/IdNJCnrf2jFCWten6" -> 💬 *TORQUE AUTO ADVISOR – FITNESS / PASSING REMINDER* 📍 *Morbi* 🧾 *શ્રી KANDHABHAI VIRAMBHAI PARMAR sir*, તમારી ગાડી *GJ36V4592* નું *પાસિંગ (Fitness) તા. 04-01-2026* એ પૂરું થાય છે. ⚠️ પાસિંગ સમયસર ન કરાવવાથી ઓનલાઇન મેમો આવી શકે છે. કૃપા કરીને પાસિંગ નિયમિત રીતે કરાવજો.પાસિંગ ચાલુ ના હોય તો વીમા ક્લેમ પાસ થતો નથી. ✅ અમારી પાસે પાસિંગ, પરમીટ, લાઇસન્સ, નામ ટ્રાન્સફર, વીમો વગેરે RTO ને લગતી તમામ સર્વિસ ઉપલબ્ધ છે. — 📞 સંપર્ક કરો: ANJALI-8141489538 | 8141488962 🏢 *ટોર્ક ઓટો એડવાઇઝર* બીજા માળે, જીલ કોમ્પલેક્સ, અયોધ્યાપૂરી રોડ, જૂના બસ સ્ટેન્ડ પાસે, મોરબી 🌐 www.torqueautoadvisor.com ✉️ info@torqueautoadvisor.com GST No. 24ALBPL1123D1ZY IRDA Code: 1980390000 MSME: UDYAM-GJ-32-0014559 📍 Office Location: https://share.google/IdNJCnrf2jFCWten6
A30: ANJALI-8141489538 | B30: GJ36V8092 | C30: KANDHABHAI VIRAMBHAI PARMAR | D30: 46026 | E30: 47500 | F30: 44682 | G30: 7435929092 | H30: ="💬 *TORQUE AUTO ADVISOR – FITNESS / PASSING REMINDER* " & CHAR(10) & "📍 *Morbi*" & CHAR(10) & CHAR(10) & "🧾 *શ્રી " & C30 & " sir*, તમારી ગાડી *" & B30 & "* નું *પાસિંગ (Fitness) તા. " & TEXT(D30,"DD-MM-yyyy") & "* એ પૂરું થાય છે." & CHAR(10) & CHAR(10) & "⚠️ પાસિંગ સમયસર ન કરાવવાથી ઓનલાઇન મેમો આવી શકે છે. કૃપા કરીને પાસિંગ નિયમિત રીતે કરાવજો.પાસિંગ ચાલુ ના હોય તો વીમા ક્લેમ પાસ થતો નથી." & CHAR(10) & CHAR(10) & "✅ અમારી પાસે પાસિંગ, પરમીટ, લાઇસન્સ, નામ ટ્રાન્સફર, વીમો વગેરે RTO ને લગતી તમામ સર્વિસ ઉપલબ્ધ છે. —" & CHAR(10) & "📞 સંપર્ક કરો: " & A30 & " | 8141488962" & CHAR(10) & CHAR(10) & "🏢 *ટોર્ક ઓટો એડવાઇઝર*" & CHAR(10) & "બીજા માળે, જીલ કોમ્પલેક્સ, અયોધ્યાપૂરી રોડ," & CHAR(10) & "જૂના બસ સ્ટેન્ડ પાસે, મોરબી" & CHAR(10) & CHAR(10) & "🌐 www.torqueautoadvisor.com" & CHAR(10) & "✉️ info@torqueautoadvisor.com" & CHAR(10) & CHAR(10) & "GST No. 24ALBPL1123D1ZY" & CHAR(10) & "IRDA Code: 1980390000" & CHAR(10) & "MSME: UDYAM-GJ-32-0014559"& CHAR(10) & CHAR(10) & "📍 Office Location: https://share.google/IdNJCnrf2jFCWten6" -> 💬 *TORQUE AUTO ADVISOR – FITNESS / PASSING REMINDER* 📍 *Morbi* 🧾 *શ્રી KANDHABHAI VIRAMBHAI PARMAR sir*, તમારી ગાડી *GJ36V8092* નું *પાસિંગ (Fitness) તા. 04-01-2026* એ પૂરું થાય છે. ⚠️ પાસિંગ સમયસર ન કરાવવાથી ઓનલાઇન મેમો આવી શકે છે. કૃપા કરીને પાસિંગ નિયમિત રીતે કરાવજો.પાસિંગ ચાલુ ના હોય તો વીમા ક્લેમ પાસ થતો નથી. ✅ અમારી પાસે પાસિંગ, પરમીટ, લાઇસન્સ, નામ ટ્રાન્સફર, વીમો વગેરે RTO ને લગતી તમામ સર્વિસ ઉપલબ્ધ છે. — 📞 સંપર્ક કરો: ANJALI-8141489538 | 8141488962 🏢 *ટોર્ક ઓટો એડવાઇઝર* બીજા માળે, જીલ કોમ્પલેક્સ, અયોધ્યાપૂરી રોડ, જૂના બસ સ્ટેન્ડ પાસે, મોરબી 🌐 www.torqueautoadvisor.com ✉️ info@torqueautoadvisor.com GST No. 24ALBPL1123D1ZY IRDA Code: 1980390000 MSME: UDYAM-GJ-32-0014559 📍 Office Location: https://share.google/IdNJCnrf2jFCWten6
A31: ANJALI-8141489538 | B31: GJ36S2194 | C31: KOLI JITESHBHAINAGRAJBHAI | D31: 46026 | E31: 2980 | F31: 16/12/20 | G31: 8238203808 | H31: ="💬 *TORQUE AUTO ADVISOR – FITNESS / PASSING REMINDER* " & CHAR(10) & "📍 *Morbi*" & CHAR(10) & CHAR(10) & "🧾 *શ્રી " & C31 & " sir*, તમારી ગાડી *" & B31 & "* નું *પાસિંગ (Fitness) તા. " & TEXT(D31,"DD-MM-yyyy") & "* એ પૂરું થાય છે." & CHAR(10) & CHAR(10) & "⚠️ પાસિંગ સમયસર ન કરાવવાથી ઓનલાઇન મેમો આવી શકે છે. કૃપા કરીને પાસિંગ નિયમિત રીતે કરાવજો.પાસિંગ ચાલુ ના હોય તો વીમા ક્લેમ પાસ થતો નથી." & CHAR(10) & CHAR(10) & "✅ અમારી પાસે પાસિંગ, પરમીટ, લાઇસન્સ, નામ ટ્રાન્સફર, વીમો વગેરે RTO ને લગતી તમામ સર્વિસ ઉપલબ્ધ છે. —" & CHAR(10) & "📞 સંપર્ક કરો: " & A31 & " | 8141488962" & CHAR(10) & CHAR(10) & "🏢 *ટોર્ક ઓટો એડવાઇઝર*" & CHAR(10) & "બીજા માળે, જીલ કોમ્પલેક્સ, અયોધ્યાપૂરી રોડ," & CHAR(10) & "જૂના બસ સ્ટેન્ડ પાસે, મોરબી" & CHAR(10) & CHAR(10) & "🌐 www.torqueautoadvisor.com" & CHAR(10) & "✉️ info@torqueautoadvisor.com" & CHAR(10) & CHAR(10) & "GST No. 24ALBPL1123D1ZY" & CHAR(10) & "IRDA Code: 1980390000" & CHAR(10) & "MSME: UDYAM-GJ-32-0014559"& CHAR(10) & CHAR(10) & "📍 Office Location: https://share.google/IdNJCnrf2jFCWten6" -> 💬 *TORQUE AUTO ADVISOR – FITNESS / PASSING REMINDER* 📍 *Morbi* 🧾 *શ્રી KOLI JITESHBHAINAGRAJBHAI sir*, તમારી ગાડી *GJ36S2194* નું *પાસિંગ (Fitness) તા. 04-01-2026* એ પૂરું થાય છે. ⚠️ પાસિંગ સમયસર ન કરાવવાથી ઓનલાઇન મેમો આવી શકે છે. કૃપા કરીને પાસિંગ નિયમિત રીતે કરાવજો.પાસિંગ ચાલુ ના હોય તો વીમા ક્લેમ પાસ થતો નથી. ✅ અમારી પાસે પાસિંગ, પરમીટ, લાઇસન્સ, નામ ટ્રાન્સફર, વીમો વગેરે RTO ને લગતી તમામ સર્વિસ ઉપલબ્ધ છે. — 📞 સંપર્ક કરો: ANJALI-8141489538 | 8141488962 🏢 *ટોર્ક ઓટો એડવાઇઝર* બીજા માળે, જીલ કોમ્પલેક્સ, અયોધ્યાપૂરી રોડ, જૂના બસ સ્ટેન્ડ પાસે, મોરબી 🌐 www.torqueautoadvisor.com ✉️ info@torqueautoadvisor.com GST No. 24ALBPL1123D1ZY IRDA Code: 1980390000 MSME: UDYAM-GJ-32-0014559 📍 Office Location: https://share.google/IdNJCnrf2jFCWten6
A32: ANJALI-8141489538 | B32: GJ36T5576 | C32: MOMBHAI | D32: 46026 | E32: 1550 | F32: 43468 | G32: 9099709231 | H32: ="💬 *TORQUE AUTO ADVISOR – FITNESS / PASSING REMINDER* " & CHAR(10) & "📍 *Morbi*" & CHAR(10) & CHAR(10) & "🧾 *શ્રી " & C32 & " sir*, તમારી ગાડી *" & B32 & "* નું *પાસિંગ (Fitness) તા. " & TEXT(D32,"DD-MM-yyyy") & "* એ પૂરું થાય છે." & CHAR(10) & CHAR(10) & "⚠️ પાસિંગ સમયસર ન કરાવવાથી ઓનલાઇન મેમો આવી શકે છે. કૃપા કરીને પાસિંગ નિયમિત રીતે કરાવજો.પાસિંગ ચાલુ ના હોય તો વીમા ક્લેમ પાસ થતો નથી." & CHAR(10) & CHAR(10) & "✅ અમારી પાસે પાસિંગ, પરમીટ, લાઇસન્સ, નામ ટ્રાન્સફર, વીમો વગેરે RTO ને લગતી તમામ સર્વિસ ઉપલબ્ધ છે. —" & CHAR(10) & "📞 સંપર્ક કરો: " & A32 & " | 8141488962" & CHAR(10) & CHAR(10) & "🏢 *ટોર્ક ઓટો એડવાઇઝર*" & CHAR(10) & "બીજા માળે, જીલ કોમ્પલેક્સ, અયોધ્યાપૂરી રોડ," & CHAR(10) & "જૂના બસ સ્ટેન્ડ પાસે, મોરબી" & CHAR(10) & CHAR(10) & "🌐 www.torqueautoadvisor.com" & CHAR(10) & "✉️ info@torqueautoadvisor.com" & CHAR(10) & CHAR(10) & "GST No. 24ALBPL1123D1ZY" & CHAR(10) & "IRDA Code: 1980390000" & CHAR(10) & "MSME: UDYAM-GJ-32-0014559"& CHAR(10) & CHAR(10) & "📍 Office Location: https://share.google/IdNJCnrf2jFCWten6" -> 💬 *TORQUE AUTO ADVISOR – FITNESS / PASSING REMINDER* 📍 *Morbi* 🧾 *શ્રી MOMBHAI sir*, તમારી ગાડી *GJ36T5576* નું *પાસિંગ (Fitness) તા. 04-01-2026* એ પૂરું થાય છે. ⚠️ પાસિંગ સમયસર ન કરાવવાથી ઓનલાઇન મેમો આવી શકે છે. કૃપા કરીને પાસિંગ નિયમિત રીતે કરાવજો.પાસિંગ ચાલુ ના હોય તો વીમા ક્લેમ પાસ થતો નથી. ✅ અમારી પાસે પાસિંગ, પરમીટ, લાઇસન્સ, નામ ટ્રાન્સફર, વીમો વગેરે RTO ને લગતી તમામ સર્વિસ ઉપલબ્ધ છે. — 📞 સંપર્ક કરો: ANJALI-8141489538 | 8141488962 🏢 *ટોર્ક ઓટો એડવાઇઝર* બીજા માળે, જીલ કોમ્પલેક્સ, અયોધ્યાપૂરી રોડ, જૂના બસ સ્ટેન્ડ પાસે, મોરબી 🌐 www.torqueautoadvisor.com ✉️ info@torqueautoadvisor.com GST No. 24ALBPL1123D1ZY IRDA Code: 1980390000 MSME: UDYAM-GJ-32-0014559 📍 Office Location: https://share.google/IdNJCnrf2jFCWten6
A33: ANJALI-8141489538 | B33: GJ36W8484 | C33: GOPALBHAI MADRESANIYA | D33: 46026 | E33: 818 | F33: 45413 | G33: 9265379879 | H33: ="💬 *TORQUE AUTO ADVISOR – FITNESS / PASSING REMINDER* " & CHAR(10) & "📍 *Morbi*" & CHAR(10) & CHAR(10) & "🧾 *શ્રી " & C33 & " sir*, તમારી ગાડી *" & B33 & "* નું *પાસિંગ (Fitness) તા. " & TEXT(D33,"DD-MM-yyyy") & "* એ પૂરું થાય છે." & CHAR(10) & CHAR(10) & "⚠️ પાસિંગ સમયસર ન કરાવવાથી ઓનલાઇન મેમો આવી શકે છે. કૃપા કરીને પાસિંગ નિયમિત રીતે કરાવજો.પાસિંગ ચાલુ ના હોય તો વીમા ક્લેમ પાસ થતો નથી." & CHAR(10) & CHAR(10) & "✅ અમારી પાસે પાસિંગ, પરમીટ, લાઇસન્સ, નામ ટ્રાન્સફર, વીમો વગેરે RTO ને લગતી તમામ સર્વિસ ઉપલબ્ધ છે. —" & CHAR(10) & "📞 સંપર્ક કરો: " & A33 & " | 8141488962" & CHAR(10) & CHAR(10) & "🏢 *ટોર્ક ઓટો એડવાઇઝર*" & CHAR(10) & "બીજા માળે, જીલ કોમ્પલેક્સ, અયોધ્યાપૂરી રોડ," & CHAR(10) & "જૂના બસ સ્ટેન્ડ પાસે, મોરબી" & CHAR(10) & CHAR(10) & "🌐 www.torqueautoadvisor.com" & CHAR(10) & "✉️ info@torqueautoadvisor.com" & CHAR(10) & CHAR(10) & "GST No. 24ALBPL1123D1ZY" & CHAR(10) & "IRDA Code: 1980390000" & CHAR(10) & "MSME: UDYAM-GJ-32-0014559"& CHAR(10) & CHAR(10) & "📍 Office Location: https://share.google/IdNJCnrf2jFCWten6" -> 💬 *TORQUE AUTO ADVISOR – FITNESS / PASSING REMINDER* 📍 *Morbi* 🧾 *શ્રી GOPALBHAI MADRESANIYA sir*, તમારી ગાડી *GJ36W8484* નું *પાસિંગ (Fitness) તા. 04-01-2026* એ પૂરું થાય છે. ⚠️ પાસિંગ સમયસર ન કરાવવાથી ઓનલાઇન મેમો આવી શકે છે. કૃપા કરીને પાસિંગ નિયમિત રીતે કરાવજો.પાસિંગ ચાલુ ના હોય તો વીમા ક્લેમ પાસ થતો નથી. ✅ અમારી પાસે પાસિંગ, પરમીટ, લાઇસન્સ, નામ ટ્રાન્સફર, વીમો વગેરે RTO ને લગતી તમામ સર્વિસ ઉપલબ્ધ છે. — 📞 સંપર્ક કરો: ANJALI-8141489538 | 8141488962 🏢 *ટોર્ક ઓટો એડવાઇઝર* બીજા માળે, જીલ કોમ્પલેક્સ, અયોધ્યાપૂરી રોડ, જૂના બસ સ્ટેન્ડ પાસે, મોરબી 🌐 www.torqueautoadvisor.com ✉️ info@torqueautoadvisor.com GST No. 24ALBPL1123D1ZY IRDA Code: 1980390000 MSME: UDYAM-GJ-32-0014559 📍 Office Location: https://share.google/IdNJCnrf2jFCWten6
A34: ANJALI-8141489538 | B34: GJ36X1968 | C34: AJRUDDIN RAHIM MOVAR | D34: 46026 | E34: 1600 | F34: 45413 | G34: 9638647786 | H34: ="💬 *TORQUE AUTO ADVISOR – FITNESS / PASSING REMINDER* " & CHAR(10) & "📍 *Morbi*" & CHAR(10) & CHAR(10) & "🧾 *શ્રી " & C34 & " sir*, તમારી ગાડી *" & B34 & "* નું *પાસિંગ (Fitness) તા. " & TEXT(D34,"DD-MM-yyyy") & "* એ પૂરું થાય છે." & CHAR(10) & CHAR(10) & "⚠️ પાસિંગ સમયસર ન કરાવવાથી ઓનલાઇન મેમો આવી શકે છે. કૃપા કરીને પાસિંગ નિયમિત રીતે કરાવજો.પાસિંગ ચાલુ ના હોય તો વીમા ક્લેમ પાસ થતો નથી." & CHAR(10) & CHAR(10) & "✅ અમારી પાસે પાસિંગ, પરમીટ, લાઇસન્સ, નામ ટ્રાન્સફર, વીમો વગેરે RTO ને લગતી તમામ સર્વિસ ઉપલબ્ધ છે. —" & CHAR(10) & "📞 સંપર્ક કરો: " & A34 & " | 8141488962" & CHAR(10) & CHAR(10) & "🏢 *ટોર્ક ઓટો એડવાઇઝર*" & CHAR(10) & "બીજા માળે, જીલ કોમ્પલેક્સ, અયોધ્યાપૂરી રોડ," & CHAR(10) & "જૂના બસ સ્ટેન્ડ પાસે, મોરબી" & CHAR(10) & CHAR(10) & "🌐 www.torqueautoadvisor.com" & CHAR(10) & "✉️ info@torqueautoadvisor.com" & CHAR(10) & CHAR(10) & "GST No. 24ALBPL1123D1ZY" & CHAR(10) & "IRDA Code: 1980390000" & CHAR(10) & "MSME: UDYAM-GJ-32-0014559"& CHAR(10) & CHAR(10) & "📍 Office Location: https://share.google/IdNJCnrf2jFCWten6" -> 💬 *TORQUE AUTO ADVISOR – FITNESS / PASSING REMINDER* 📍 *Morbi* 🧾 *શ્રી AJRUDDIN RAHIM MOVAR sir*, તમારી ગાડી *GJ36X1968* નું *પાસિંગ (Fitness) તા. 04-01-2026* એ પૂરું થાય છે. ⚠️ પાસિંગ સમયસર ન કરાવવાથી ઓનલાઇન મેમો આવી શકે છે. કૃપા કરીને પાસિંગ નિયમિત રીતે કરાવજો.પાસિંગ ચાલુ ના હોય તો વીમા ક્લેમ પાસ થતો નથી. ✅ અમારી પાસે પાસિંગ, પરમીટ, લાઇસન્સ, નામ ટ્રાન્સફર, વીમો વગેરે RTO ને લગતી તમામ સર્વિસ ઉપલબ્ધ છે. — 📞 સંપર્ક કરો: ANJALI-8141489538 | 8141488962 🏢 *ટોર્ક ઓટો એડવાઇઝર* બીજા માળે, જીલ કોમ્પલેક્સ, અયોધ્યાપૂરી રોડ, જૂના બસ સ્ટેન્ડ પાસે, મોરબી 🌐 www.torqueautoadvisor.com ✉️ info@torqueautoadvisor.com GST No. 24ALBPL1123D1ZY IRDA Code: 1980390000 MSME: UDYAM-GJ-32-0014559 📍 Office Location: https://share.google/IdNJCnrf2jFCWten6
A35: ANJALI-8141489538 | B35: GJ36U2581 | C35: ABDULBHAI | D35: 46026 | E35: 751 | F35: 42649 | G35: 9773238180 | H35: ="💬 *TORQUE AUTO ADVISOR – FITNESS / PASSING REMINDER* " & CHAR(10) & "📍 *Morbi*" & CHAR(10) & CHAR(10) & "🧾 *શ્રી " & C35 & " sir*, તમારી ગાડી *" & B35 & "* નું *પાસિંગ (Fitness) તા. " & TEXT(D35,"DD-MM-yyyy") & "* એ પૂરું થાય છે." & CHAR(10) & CHAR(10) & "⚠️ પાસિંગ સમયસર ન કરાવવાથી ઓનલાઇન મેમો આવી શકે છે. કૃપા કરીને પાસિંગ નિયમિત રીતે કરાવજો.પાસિંગ ચાલુ ના હોય તો વીમા ક્લેમ પાસ થતો નથી." & CHAR(10) & CHAR(10) & "✅ અમારી પાસે પાસિંગ, પરમીટ, લાઇસન્સ, નામ ટ્રાન્સફર, વીમો વગેરે RTO ને લગતી તમામ સર્વિસ ઉપલબ્ધ છે. —" & CHAR(10) & "📞 સંપર્ક કરો: " & A35 & " | 8141488962" & CHAR(10) & CHAR(10) & "🏢 *ટોર્ક ઓટો એડવાઇઝર*" & CHAR(10) & "બીજા માળે, જીલ કોમ્પલેક્સ, અયોધ્યાપૂરી રોડ," & CHAR(10) & "જૂના બસ સ્ટેન્ડ પાસે, મોરબી" & CHAR(10) & CHAR(10) & "🌐 www.torqueautoadvisor.com" & CHAR(10) & "✉️ info@torqueautoadvisor.com" & CHAR(10) & CHAR(10) & "GST No. 24ALBPL1123D1ZY" & CHAR(10) & "IRDA Code: 1980390000" & CHAR(10) & "MSME: UDYAM-GJ-32-0014559"& CHAR(10) & CHAR(10) & "📍 Office Location: https://share.google/IdNJCnrf2jFCWten6" -> 💬 *TORQUE AUTO ADVISOR – FITNESS / PASSING REMINDER* 📍 *Morbi* 🧾 *શ્રી ABDULBHAI sir*, તમારી ગાડી *GJ36U2581* નું *પાસિંગ (Fitness) તા. 04-01-2026* એ પૂરું થાય છે. ⚠️ પાસિંગ સમયસર ન કરાવવાથી ઓનલાઇન મેમો આવી શકે છે. કૃપા કરીને પાસિંગ નિયમિત રીતે કરાવજો.પાસિંગ ચાલુ ના હોય તો વીમા ક્લેમ પાસ થતો નથી. ✅ અમારી પાસે પાસિંગ, પરમીટ, લાઇસન્સ, નામ ટ્રાન્સફર, વીમો વગેરે RTO ને લગતી તમામ સર્વિસ ઉપલબ્ધ છે. — 📞 સંપર્ક કરો: ANJALI-8141489538 | 8141488962 🏢 *ટોર્ક ઓટો એડવાઇઝર* બીજા માળે, જીલ કોમ્પલેક્સ, અયોધ્યાપૂરી રોડ, જૂના બસ સ્ટેન્ડ પાસે, મોરબી 🌐 www.torqueautoadvisor.com ✉️ info@torqueautoadvisor.com GST No. 24ALBPL1123D1ZY IRDA Code: 1980390000 MSME: UDYAM-GJ-32-0014559 📍 Office Location: https://share.google/IdNJCnrf2jFCWten6
A36: ANJALI-8141489538 | B36: GJ36V6360 | C36: KISHOR SURESHBHAI DADRESA | D36: 46026 | E36: 1600 | F36: 45413 | G36: 9898801987 | H36: ="💬 *TORQUE AUTO ADVISOR – FITNESS / PASSING REMINDER* " & CHAR(10) & "📍 *Morbi*" & CHAR(10) & CHAR(10) & "🧾 *શ્રી " & C36 & " sir*, તમારી ગાડી *" & B36 & "* નું *પાસિંગ (Fitness) તા. " & TEXT(D36,"DD-MM-yyyy") & "* એ પૂરું થાય છે." & CHAR(10) & CHAR(10) & "⚠️ પાસિંગ સમયસર ન કરાવવાથી ઓનલાઇન મેમો આવી શકે છે. કૃપા કરીને પાસિંગ નિયમિત રીતે કરાવજો.પાસિંગ ચાલુ ના હોય તો વીમા ક્લેમ પાસ થતો નથી." & CHAR(10) & CHAR(10) & "✅ અમારી પાસે પાસિંગ, પરમીટ, લાઇસન્સ, નામ ટ્રાન્સફર, વીમો વગેરે RTO ને લગતી તમામ સર્વિસ ઉપલબ્ધ છે. —" & CHAR(10) & "📞 સંપર્ક કરો: " & A36 & " | 8141488962" & CHAR(10) & CHAR(10) & "🏢 *ટોર્ક ઓટો એડવાઇઝર*" & CHAR(10) & "બીજા માળે, જીલ કોમ્પલેક્સ, અયોધ્યાપૂરી રોડ," & CHAR(10) & "જૂના બસ સ્ટેન્ડ પાસે, મોરબી" & CHAR(10) & CHAR(10) & "🌐 www.torqueautoadvisor.com" & CHAR(10) & "✉️ info@torqueautoadvisor.com" & CHAR(10) & CHAR(10) & "GST No. 24ALBPL1123D1ZY" & CHAR(10) & "IRDA Code: 1980390000" & CHAR(10) & "MSME: UDYAM-GJ-32-0014559"& CHAR(10) & CHAR(10) & "📍 Office Location: https://share.google/IdNJCnrf2jFCWten6" -> 💬 *TORQUE AUTO ADVISOR – FITNESS / PASSING REMINDER* 📍 *Morbi* 🧾 *શ્રી KISHOR SURESHBHAI DADRESA sir*, તમારી ગાડી *GJ36V6360* નું *પાસિંગ (Fitness) તા. 04-01-2026* એ પૂરું થાય છે. ⚠️ પાસિંગ સમયસર ન કરાવવાથી ઓનલાઇન મેમો આવી શકે છે. કૃપા કરીને પાસિંગ નિયમિત રીતે કરાવજો.પાસિંગ ચાલુ ના હોય તો વીમા ક્લેમ પાસ થતો નથી. ✅ અમારી પાસે પાસિંગ, પરમીટ, લાઇસન્સ, નામ ટ્રાન્સફર, વીમો વગેરે RTO ને લગતી તમામ સર્વિસ ઉપલબ્ધ છે. — 📞 સંપર્ક કરો: ANJALI-8141489538 | 8141488962 🏢 *ટોર્ક ઓટો એડવાઇઝર* બીજા માળે, જીલ કોમ્પલેક્સ, અયોધ્યાપૂરી રોડ, જૂના બસ સ્ટેન્ડ પાસે, મોરબી 🌐 www.torqueautoadvisor.com ✉️ info@torqueautoadvisor.com GST No. 24ALBPL1123D1ZY IRDA Code: 1980390000 MSME: UDYAM-GJ-32-0014559 📍 Office Location: https://share.google/IdNJCnrf2jFCWten6
A37: ANJALI-8141489538 | B37: GJ36W1064 | C37: MAIYABHAI VIRODIYA | D37: 46026 | E37: 818 | F37: 45413 | G37: 9979043450 | H37: ="💬 *TORQUE AUTO ADVISOR – FITNESS / PASSING REMINDER* " & CHAR(10) & "📍 *Morbi*" & CHAR(10) & CHAR(10) & "🧾 *શ્રી " & C37 & " sir*, તમારી ગાડી *" & B37 & "* નું *પાસિંગ (Fitness) તા. " & TEXT(D37,"DD-MM-yyyy") & "* એ પૂરું થાય છે." & CHAR(10) & CHAR(10) & "⚠️ પાસિંગ સમયસર ન કરાવવાથી ઓનલાઇન મેમો આવી શકે છે. કૃપા કરીને પાસિંગ નિયમિત રીતે કરાવજો.પાસિંગ ચાલુ ના હોય તો વીમા ક્લેમ પાસ થતો નથી." & CHAR(10) & CHAR(10) & "✅ અમારી પાસે પાસિંગ, પરમીટ, લાઇસન્સ, નામ ટ્રાન્સફર, વીમો વગેરે RTO ને લગતી તમામ સર્વિસ ઉપલબ્ધ છે. —" & CHAR(10) & "📞 સંપર્ક કરો: " & A37 & " | 8141488962" & CHAR(10) & CHAR(10) & "🏢 *ટોર્ક ઓટો એડવાઇઝર*" & CHAR(10) & "બીજા માળે, જીલ કોમ્પલેક્સ, અયોધ્યાપૂરી રોડ," & CHAR(10) & "જૂના બસ સ્ટેન્ડ પાસે, મોરબી" & CHAR(10) & CHAR(10) & "🌐 www.torqueautoadvisor.com" & CHAR(10) & "✉️ info@torqueautoadvisor.com" & CHAR(10) & CHAR(10) & "GST No. 24ALBPL1123D1ZY" & CHAR(10) & "IRDA Code: 1980390000" & CHAR(10) & "MSME: UDYAM-GJ-32-0014559"& CHAR(10) & CHAR(10) & "📍 Office Location: https://share.google/IdNJCnrf2jFCWten6" -> 💬 *TORQUE AUTO ADVISOR – FITNESS / PASSING REMINDER* 📍 *Morbi* 🧾 *શ્રી MAIYABHAI VIRODIYA sir*, તમારી ગાડી *GJ36W1064* નું *પાસિંગ (Fitness) તા. 04-01-2026* એ પૂરું થાય છે. ⚠️ પાસિંગ સમયસર ન કરાવવાથી ઓનલાઇન મેમો આવી શકે છે. કૃપા કરીને પાસિંગ નિયમિત રીતે કરાવજો.પાસિંગ ચાલુ ના હોય તો વીમા ક્લેમ પાસ થતો નથી. ✅ અમારી પાસે પાસિંગ, પરમીટ, લાઇસન્સ, નામ ટ્રાન્સફર, વીમો વગેરે RTO ને લગતી તમામ સર્વિસ ઉપલબ્ધ છે. — 📞 સંપર્ક કરો: ANJALI-8141489538 | 8141488962 🏢 *ટોર્ક ઓટો એડવાઇઝર* બીજા માળે, જીલ કોમ્પલેક્સ, અયોધ્યાપૂરી રોડ, જૂના બસ સ્ટેન્ડ પાસે, મોરબી 🌐 www.torqueautoadvisor.com ✉️ info@torqueautoadvisor.com GST No. 24ALBPL1123D1ZY IRDA Code: 1980390000 MSME: UDYAM-GJ-32-0014559 📍 Office Location: https://share.google/IdNJCnrf2jFCWten6
A38: ANJALI-8141489538 | B38: GJ36W1227 | C38: KIRAN | D38: 46027 | E38: 769 | F38: 45444 | G38: 7861954670 | H38: ="💬 *TORQUE AUTO ADVISOR – FITNESS / PASSING REMINDER* " & CHAR(10) & "📍 *Morbi*" & CHAR(10) & CHAR(10) & "🧾 *શ્રી " & C38 & " sir*, તમારી ગાડી *" & B38 & "* નું *પાસિંગ (Fitness) તા. " & TEXT(D38,"DD-MM-yyyy") & "* એ પૂરું થાય છે." & CHAR(10) & CHAR(10) & "⚠️ પાસિંગ સમયસર ન કરાવવાથી ઓનલાઇન મેમો આવી શકે છે. કૃપા કરીને પાસિંગ નિયમિત રીતે કરાવજો.પાસિંગ ચાલુ ના હોય તો વીમા ક્લેમ પાસ થતો નથી." & CHAR(10) & CHAR(10) & "✅ અમારી પાસે પાસિંગ, પરમીટ, લાઇસન્સ, નામ ટ્રાન્સફર, વીમો વગેરે RTO ને લગતી તમામ સર્વિસ ઉપલબ્ધ છે. —" & CHAR(10) & "📞 સંપર્ક કરો: " & A38 & " | 8141488962" & CHAR(10) & CHAR(10) & "🏢 *ટોર્ક ઓટો એડવાઇઝર*" & CHAR(10) & "બીજા માળે, જીલ કોમ્પલેક્સ, અયોધ્યાપૂરી રોડ," & CHAR(10) & "જૂના બસ સ્ટેન્ડ પાસે, મોરબી" & CHAR(10) & CHAR(10) & "🌐 www.torqueautoadvisor.com" & CHAR(10) & "✉️ info@torqueautoadvisor.com" & CHAR(10) & CHAR(10) & "GST No. 24ALBPL1123D1ZY" & CHAR(10) & "IRDA Code: 1980390000" & CHAR(10) & "MSME: UDYAM-GJ-32-0014559"& CHAR(10) & CHAR(10) & "📍 Office Location: https://share.google/IdNJCnrf2jFCWten6" -> 💬 *TORQUE AUTO ADVISOR – FITNESS / PASSING REMINDER* 📍 *Morbi* 🧾 *શ્રી KIRAN sir*, તમારી ગાડી *GJ36W1227* નું *પાસિંગ (Fitness) તા. 05-01-2026* એ પૂરું થાય છે. ⚠️ પાસિંગ સમયસર ન કરાવવાથી ઓનલાઇન મેમો આવી શકે છે. કૃપા કરીને પાસિંગ નિયમિત રીતે કરાવજો.પાસિંગ ચાલુ ના હોય તો વીમા ક્લેમ પાસ થતો નથી. ✅ અમારી પાસે પાસિંગ, પરમીટ, લાઇસન્સ, નામ ટ્રાન્સફર, વીમો વગેરે RTO ને લગતી તમામ સર્વિસ ઉપલબ્ધ છે. — 📞 સંપર્ક કરો: ANJALI-8141489538 | 8141488962 🏢 *ટોર્ક ઓટો એડવાઇઝર* બીજા માળે, જીલ કોમ્પલેક્સ, અયોધ્યાપૂરી રોડ, જૂના બસ સ્ટેન્ડ પાસે, મોરબી 🌐 www.torqueautoadvisor.com ✉️ info@torqueautoadvisor.com GST No. 24ALBPL1123D1ZY IRDA Code: 1980390000 MSME: UDYAM-GJ-32-0014559 📍 Office Location: https://share.google/IdNJCnrf2jFCWten6
A39: ANJALI-8141489538 | B39: GJ36V6368 | C39: JAYDIPSINH YOGENDRASINH JADEJA | D39: 46027 | E39: 1600 | F39: 45444 | G39: 9265777752 | H39: ="💬 *TORQUE AUTO ADVISOR – FITNESS / PASSING REMINDER* " & CHAR(10) & "📍 *Morbi*" & CHAR(10) & CHAR(10) & "🧾 *શ્રી " & C39 & " sir*, તમારી ગાડી *" & B39 & "* નું *પાસિંગ (Fitness) તા. " & TEXT(D39,"DD-MM-yyyy") & "* એ પૂરું થાય છે." & CHAR(10) & CHAR(10) & "⚠️ પાસિંગ સમયસર ન કરાવવાથી ઓનલાઇન મેમો આવી શકે છે. કૃપા કરીને પાસિંગ નિયમિત રીતે કરાવજો.પાસિંગ ચાલુ ના હોય તો વીમા ક્લેમ પાસ થતો નથી." & CHAR(10) & CHAR(10) & "✅ અમારી પાસે પાસિંગ, પરમીટ, લાઇસન્સ, નામ ટ્રાન્સફર, વીમો વગેરે RTO ને લગતી તમામ સર્વિસ ઉપલબ્ધ છે. —" & CHAR(10) & "📞 સંપર્ક કરો: " & A39 & " | 8141488962" & CHAR(10) & CHAR(10) & "🏢 *ટોર્ક ઓટો એડવાઇઝર*" & CHAR(10) & "બીજા માળે, જીલ કોમ્પલેક્સ, અયોધ્યાપૂરી રોડ," & CHAR(10) & "જૂના બસ સ્ટેન્ડ પાસે, મોરબી" & CHAR(10) & CHAR(10) & "🌐 www.torqueautoadvisor.com" & CHAR(10) & "✉️ info@torqueautoadvisor.com" & CHAR(10) & CHAR(10) & "GST No. 24ALBPL1123D1ZY" & CHAR(10) & "IRDA Code: 1980390000" & CHAR(10) & "MSME: UDYAM-GJ-32-0014559"& CHAR(10) & CHAR(10) & "📍 Office Location: https://share.google/IdNJCnrf2jFCWten6" -> 💬 *TORQUE AUTO ADVISOR – FITNESS / PASSING REMINDER* 📍 *Morbi* 🧾 *શ્રી JAYDIPSINH YOGENDRASINH JADEJA sir*, તમારી ગાડી *GJ36V6368* નું *પાસિંગ (Fitness) તા. 05-01-2026* એ પૂરું થાય છે. ⚠️ પાસિંગ સમયસર ન કરાવવાથી ઓનલાઇન મેમો આવી શકે છે. કૃપા કરીને પાસિંગ નિયમિત રીતે કરાવજો.પાસિંગ ચાલુ ના હોય તો વીમા ક્લેમ પાસ થતો નથી. ✅ અમારી પાસે પાસિંગ, પરમીટ, લાઇસન્સ, નામ ટ્રાન્સફર, વીમો વગેરે RTO ને લગતી તમામ સર્વિસ ઉપલબ્ધ છે. — 📞 સંપર્ક કરો: ANJALI-8141489538 | 8141488962 🏢 *ટોર્ક ઓટો એડવાઇઝર* બીજા માળે, જીલ કોમ્પલેક્સ, અયોધ્યાપૂરી રોડ, જૂના બસ સ્ટેન્ડ પાસે, મોરબી 🌐 www.torqueautoadvisor.com ✉️ info@torqueautoadvisor.com GST No. 24ALBPL1123D1ZY IRDA Code: 1980390000 MSME: UDYAM-GJ-32-0014559 📍 Office Location: https://share.google/IdNJCnrf2jFCWten6
A40: ANJALI-8141489538 | B40: GJ11VV0210 | C40: RAJUBHAI | D40: 46027 | E40: 2990 | F40: 43831 | G40: 9714324947 | H40: ="💬 *TORQUE AUTO ADVISOR – FITNESS / PASSING REMINDER* " & CHAR(10) & "📍 *Morbi*" & CHAR(10) & CHAR(10) & "🧾 *શ્રી " & C40 & " sir*, તમારી ગાડી *" & B40 & "* નું *પાસિંગ (Fitness) તા. " & TEXT(D40,"DD-MM-yyyy") & "* એ પૂરું થાય છે." & CHAR(10) & CHAR(10) & "⚠️ પાસિંગ સમયસર ન કરાવવાથી ઓનલાઇન મેમો આવી શકે છે. કૃપા કરીને પાસિંગ નિયમિત રીતે કરાવજો.પાસિંગ ચાલુ ના હોય તો વીમા ક્લેમ પાસ થતો નથી." & CHAR(10) & CHAR(10) & "✅ અમારી પાસે પાસિંગ, પરમીટ, લાઇસન્સ, નામ ટ્રાન્સફર, વીમો વગેરે RTO ને લગતી તમામ સર્વિસ ઉપલબ્ધ છે. —" & CHAR(10) & "📞 સંપર્ક કરો: " & A40 & " | 8141488962" & CHAR(10) & CHAR(10) & "🏢 *ટોર્ક ઓટો એડવાઇઝર*" & CHAR(10) & "બીજા માળે, જીલ કોમ્પલેક્સ, અયોધ્યાપૂરી રોડ," & CHAR(10) & "જૂના બસ સ્ટેન્ડ પાસે, મોરબી" & CHAR(10) & CHAR(10) & "🌐 www.torqueautoadvisor.com" & CHAR(10) & "✉️ info@torqueautoadvisor.com" & CHAR(10) & CHAR(10) & "GST No. 24ALBPL1123D1ZY" & CHAR(10) & "IRDA Code: 1980390000" & CHAR(10) & "MSME: UDYAM-GJ-32-0014559"& CHAR(10) & CHAR(10) & "📍 Office Location: https://share.google/IdNJCnrf2jFCWten6" -> 💬 *TORQUE AUTO ADVISOR – FITNESS / PASSING REMINDER* 📍 *Morbi* 🧾 *શ્રી RAJUBHAI sir*, તમારી ગાડી *GJ11VV0210* નું *પાસિંગ (Fitness) તા. 05-01-2026* એ પૂરું થાય છે. ⚠️ પાસિંગ સમયસર ન કરાવવાથી ઓનલાઇન મેમો આવી શકે છે. કૃપા કરીને પાસિંગ નિયમિત રીતે કરાવજો.પાસિંગ ચાલુ ના હોય તો વીમા ક્લેમ પાસ થતો નથી. ✅ અમારી પાસે પાસિંગ, પરમીટ, લાઇસન્સ, નામ ટ્રાન્સફર, વીમો વગેરે RTO ને લગતી તમામ સર્વિસ ઉપલબ્ધ છે. — 📞 સંપર્ક કરો: ANJALI-8141489538 | 8141488962 🏢 *ટોર્ક ઓટો એડવાઇઝર* બીજા માળે, જીલ કોમ્પલેક્સ, અયોધ્યાપૂરી રોડ, જૂના બસ સ્ટેન્ડ પાસે, મોરબી 🌐 www.torqueautoadvisor.com ✉️ info@torqueautoadvisor.com GST No. 24ALBPL1123D1ZY IRDA Code: 1980390000 MSME: UDYAM-GJ-32-0014559 📍 Office Location: https://share.google/IdNJCnrf2jFCWten6
A41: ANJALI-8141489538 | B41: GJ12BT5184 | C41: KULDIP | D41: 46027 | E41: 45500 | F41: 42464 | G41: 9825391500 | H41: ="💬 *TORQUE AUTO ADVISOR – FITNESS / PASSING REMINDER* " & CHAR(10) & "📍 *Morbi*" & CHAR(10) & CHAR(10) & "🧾 *શ્રી " & C41 & " sir*, તમારી ગાડી *" & B41 & "* નું *પાસિંગ (Fitness) તા. " & TEXT(D41,"DD-MM-yyyy") & "* એ પૂરું થાય છે." & CHAR(10) & CHAR(10) & "⚠️ પાસિંગ સમયસર ન કરાવવાથી ઓનલાઇન મેમો આવી શકે છે. કૃપા કરીને પાસિંગ નિયમિત રીતે કરાવજો.પાસિંગ ચાલુ ના હોય તો વીમા ક્લેમ પાસ થતો નથી." & CHAR(10) & CHAR(10) & "✅ અમારી પાસે પાસિંગ, પરમીટ, લાઇસન્સ, નામ ટ્રાન્સફર, વીમો વગેરે RTO ને લગતી તમામ સર્વિસ ઉપલબ્ધ છે. —" & CHAR(10) & "📞 સંપર્ક કરો: " & A41 & " | 8141488962" & CHAR(10) & CHAR(10) & "🏢 *ટોર્ક ઓટો એડવાઇઝર*" & CHAR(10) & "બીજા માળે, જીલ કોમ્પલેક્સ, અયોધ્યાપૂરી રોડ," & CHAR(10) & "જૂના બસ સ્ટેન્ડ પાસે, મોરબી" & CHAR(10) & CHAR(10) & "🌐 www.torqueautoadvisor.com" & CHAR(10) & "✉️ info@torqueautoadvisor.com" & CHAR(10) & CHAR(10) & "GST No. 24ALBPL1123D1ZY" & CHAR(10) & "IRDA Code: 1980390000" & CHAR(10) & "MSME: UDYAM-GJ-32-0014559"& CHAR(10) & CHAR(10) & "📍 Office Location: https://share.google/IdNJCnrf2jFCWten6" -> 💬 *TORQUE AUTO ADVISOR – FITNESS / PASSING REMINDER* 📍 *Morbi* 🧾 *શ્રી KULDIP sir*, તમારી ગાડી *GJ12BT5184* નું *પાસિંગ (Fitness) તા. 05-01-2026* એ પૂરું થાય છે. ⚠️ પાસિંગ સમયસર ન કરાવવાથી ઓનલાઇન મેમો આવી શકે છે. કૃપા કરીને પાસિંગ નિયમિત રીતે કરાવજો.પાસિંગ ચાલુ ના હોય તો વીમા ક્લેમ પાસ થતો નથી. ✅ અમારી પાસે પાસિંગ, પરમીટ, લાઇસન્સ, નામ ટ્રાન્સફર, વીમો વગેરે RTO ને લગતી તમામ સર્વિસ ઉપલબ્ધ છે. — 📞 સંપર્ક કરો: ANJALI-8141489538 | 8141488962 🏢 *ટોર્ક ઓટો એડવાઇઝર* બીજા માળે, જીલ કોમ્પલેક્સ, અયોધ્યાપૂરી રોડ, જૂના બસ સ્ટેન્ડ પાસે, મોરબી 🌐 www.torqueautoadvisor.com ✉️ info@torqueautoadvisor.com GST No. 24ALBPL1123D1ZY IRDA Code: 1980390000 MSME: UDYAM-GJ-32-0014559 📍 Office Location: https://share.google/IdNJCnrf2jFCWten6
A42: ANJALI-8141489538 | B42: GJ12AZ8797 | C42: YOGESHBHAI SHERASIYA | D42: 46027 | E42: 35000 | F42: 42248 | G42: 9913485545 | H42: ="💬 *TORQUE AUTO ADVISOR – FITNESS / PASSING REMINDER* " & CHAR(10) & "📍 *Morbi*" & CHAR(10) & CHAR(10) & "🧾 *શ્રી " & C42 & " sir*, તમારી ગાડી *" & B42 & "* નું *પાસિંગ (Fitness) તા. " & TEXT(D42,"DD-MM-yyyy") & "* એ પૂરું થાય છે." & CHAR(10) & CHAR(10) & "⚠️ પાસિંગ સમયસર ન કરાવવાથી ઓનલાઇન મેમો આવી શકે છે. કૃપા કરીને પાસિંગ નિયમિત રીતે કરાવજો.પાસિંગ ચાલુ ના હોય તો વીમા ક્લેમ પાસ થતો નથી." & CHAR(10) & CHAR(10) & "✅ અમારી પાસે પાસિંગ, પરમીટ, લાઇસન્સ, નામ ટ્રાન્સફર, વીમો વગેરે RTO ને લગતી તમામ સર્વિસ ઉપલબ્ધ છે. —" & CHAR(10) & "📞 સંપર્ક કરો: " & A42 & " | 8141488962" & CHAR(10) & CHAR(10) & "🏢 *ટોર્ક ઓટો એડવાઇઝર*" & CHAR(10) & "બીજા માળે, જીલ કોમ્પલેક્સ, અયોધ્યાપૂરી રોડ," & CHAR(10) & "જૂના બસ સ્ટેન્ડ પાસે, મોરબી" & CHAR(10) & CHAR(10) & "🌐 www.torqueautoadvisor.com" & CHAR(10) & "✉️ info@torqueautoadvisor.com" & CHAR(10) & CHAR(10) & "GST No. 24ALBPL1123D1ZY" & CHAR(10) & "IRDA Code: 1980390000" & CHAR(10) & "MSME: UDYAM-GJ-32-0014559"& CHAR(10) & CHAR(10) & "📍 Office Location: https://share.google/IdNJCnrf2jFCWten6" -> 💬 *TORQUE AUTO ADVISOR – FITNESS / PASSING REMINDER* 📍 *Morbi* 🧾 *શ્રી YOGESHBHAI SHERASIYA sir*, તમારી ગાડી *GJ12AZ8797* નું *પાસિંગ (Fitness) તા. 05-01-2026* એ પૂરું થાય છે. ⚠️ પાસિંગ સમયસર ન કરાવવાથી ઓનલાઇન મેમો આવી શકે છે. કૃપા કરીને પાસિંગ નિયમિત રીતે કરાવજો.પાસિંગ ચાલુ ના હોય તો વીમા ક્લેમ પાસ થતો નથી. ✅ અમારી પાસે પાસિંગ, પરમીટ, લાઇસન્સ, નામ ટ્રાન્સફર, વીમો વગેરે RTO ને લગતી તમામ સર્વિસ ઉપલબ્ધ છે. — 📞 સંપર્ક કરો: ANJALI-8141489538 | 8141488962 🏢 *ટોર્ક ઓટો એડવાઇઝર* બીજા માળે, જીલ કોમ્પલેક્સ, અયોધ્યાપૂરી રોડ, જૂના બસ સ્ટેન્ડ પાસે, મોરબી 🌐 www.torqueautoadvisor.com ✉️ info@torqueautoadvisor.com GST No. 24ALBPL1123D1ZY IRDA Code: 1980390000 MSME: UDYAM-GJ-32-0014559 📍 Office Location: https://share.google/IdNJCnrf2jFCWten6
A43: ANJALI-8141489538 | B43: GJ10TX2281 | C43: BHIKHUBHAI | D43: 46028 | E43: 0 | F43: 19/09/19 | G43: 6353628132 | H43: ="💬 *TORQUE AUTO ADVISOR – FITNESS / PASSING REMINDER* " & CHAR(10) & "📍 *Morbi*" & CHAR(10) & CHAR(10) & "🧾 *શ્રી " & C43 & " sir*, તમારી ગાડી *" & B43 & "* નું *પાસિંગ (Fitness) તા. " & TEXT(D43,"DD-MM-yyyy") & "* એ પૂરું થાય છે." & CHAR(10) & CHAR(10) & "⚠️ પાસિંગ સમયસર ન કરાવવાથી ઓનલાઇન મેમો આવી શકે છે. કૃપા કરીને પાસિંગ નિયમિત રીતે કરાવજો.પાસિંગ ચાલુ ના હોય તો વીમા ક્લેમ પાસ થતો નથી." & CHAR(10) & CHAR(10) & "✅ અમારી પાસે પાસિંગ, પરમીટ, લાઇસન્સ, નામ ટ્રાન્સફર, વીમો વગેરે RTO ને લગતી તમામ સર્વિસ ઉપલબ્ધ છે. —" & CHAR(10) & "📞 સંપર્ક કરો: " & A43 & " | 8141488962" & CHAR(10) & CHAR(10) & "🏢 *ટોર્ક ઓટો એડવાઇઝર*" & CHAR(10) & "બીજા માળે, જીલ કોમ્પલેક્સ, અયોધ્યાપૂરી રોડ," & CHAR(10) & "જૂના બસ સ્ટેન્ડ પાસે, મોરબી" & CHAR(10) & CHAR(10) & "🌐 www.torqueautoadvisor.com" & CHAR(10) & "✉️ info@torqueautoadvisor.com" & CHAR(10) & CHAR(10) & "GST No. 24ALBPL1123D1ZY" & CHAR(10) & "IRDA Code: 1980390000" & CHAR(10) & "MSME: UDYAM-GJ-32-0014559"& CHAR(10) & CHAR(10) & "📍 Office Location: https://share.google/IdNJCnrf2jFCWten6" -> 💬 *TORQUE AUTO ADVISOR – FITNESS / PASSING REMINDER* 📍 *Morbi* 🧾 *શ્રી BHIKHUBHAI sir*, તમારી ગાડી *GJ10TX2281* નું *પાસિંગ (Fitness) તા. 06-01-2026* એ પૂરું થાય છે. ⚠️ પાસિંગ સમયસર ન કરાવવાથી ઓનલાઇન મેમો આવી શકે છે. કૃપા કરીને પાસિંગ નિયમિત રીતે કરાવજો.પાસિંગ ચાલુ ના હોય તો વીમા ક્લેમ પાસ થતો નથી. ✅ અમારી પાસે પાસિંગ, પરમીટ, લાઇસન્સ, નામ ટ્રાન્સફર, વીમો વગેરે RTO ને લગતી તમામ સર્વિસ ઉપલબ્ધ છે. — 📞 સંપર્ક કરો: ANJALI-8141489538 | 8141488962 🏢 *ટોર્ક ઓટો એડવાઇઝર* બીજા માળે, જીલ કોમ્પલેક્સ, અયોધ્યાપૂરી રોડ, જૂના બસ સ્ટેન્ડ પાસે, મોરબી 🌐 www.torqueautoadvisor.com ✉️ info@torqueautoadvisor.com GST No. 24ALBPL1123D1ZY IRDA Code: 1980390000 MSME: UDYAM-GJ-32-0014559 📍 Office Location: https://share.google/IdNJCnrf2jFCWten6
A44: ANJALI-8141489538 | B44: GJ36V1800 | C44: KRIPALSINH | D44: 46028 | E44: 35000 | F44: 44743 | G44: 9712345667 | H44: ="💬 *TORQUE AUTO ADVISOR – FITNESS / PASSING REMINDER* " & CHAR(10) & "📍 *Morbi*" & CHAR(10) & CHAR(10) & "🧾 *શ્રી " & C44 & " sir*, તમારી ગાડી *" & B44 & "* નું *પાસિંગ (Fitness) તા. " & TEXT(D44,"DD-MM-yyyy") & "* એ પૂરું થાય છે." & CHAR(10) & CHAR(10) & "⚠️ પાસિંગ સમયસર ન કરાવવાથી ઓનલાઇન મેમો આવી શકે છે. કૃપા કરીને પાસિંગ નિયમિત રીતે કરાવજો.પાસિંગ ચાલુ ના હોય તો વીમા ક્લેમ પાસ થતો નથી." & CHAR(10) & CHAR(10) & "✅ અમારી પાસે પાસિંગ, પરમીટ, લાઇસન્સ, નામ ટ્રાન્સફર, વીમો વગેરે RTO ને લગતી તમામ સર્વિસ ઉપલબ્ધ છે. —" & CHAR(10) & "📞 સંપર્ક કરો: " & A44 & " | 8141488962" & CHAR(10) & CHAR(10) & "🏢 *ટોર્ક ઓટો એડવાઇઝર*" & CHAR(10) & "બીજા માળે, જીલ કોમ્પલેક્સ, અયોધ્યાપૂરી રોડ," & CHAR(10) & "જૂના બસ સ્ટેન્ડ પાસે, મોરબી" & CHAR(10) & CHAR(10) & "🌐 www.torqueautoadvisor.com" & CHAR(10) & "✉️ info@torqueautoadvisor.com" & CHAR(10) & CHAR(10) & "GST No. 24ALBPL1123D1ZY" & CHAR(10) & "IRDA Code: 1980390000" & CHAR(10) & "MSME: UDYAM-GJ-32-0014559"& CHAR(10) & CHAR(10) & "📍 Office Location: https://share.google/IdNJCnrf2jFCWten6" -> 💬 *TORQUE AUTO ADVISOR – FITNESS / PASSING REMINDER* 📍 *Morbi* 🧾 *શ્રી KRIPALSINH sir*, તમારી ગાડી *GJ36V1800* નું *પાસિંગ (Fitness) તા. 06-01-2026* એ પૂરું થાય છે. ⚠️ પાસિંગ સમયસર ન કરાવવાથી ઓનલાઇન મેમો આવી શકે છે. કૃપા કરીને પાસિંગ નિયમિત રીતે કરાવજો.પાસિંગ ચાલુ ના હોય તો વીમા ક્લેમ પાસ થતો નથી. ✅ અમારી પાસે પાસિંગ, પરમીટ, લાઇસન્સ, નામ ટ્રાન્સફર, વીમો વગેરે RTO ને લગતી તમામ સર્વિસ ઉપલબ્ધ છે. — 📞 સંપર્ક કરો: ANJALI-8141489538 | 8141488962 🏢 *ટોર્ક ઓટો એડવાઇઝર* બીજા માળે, જીલ કોમ્પલેક્સ, અયોધ્યાપૂરી રોડ, જૂના બસ સ્ટેન્ડ પાસે, મોરબી 🌐 www.torqueautoadvisor.com ✉️ info@torqueautoadvisor.com GST No. 24ALBPL1123D1ZY IRDA Code: 1980390000 MSME: UDYAM-GJ-32-0014559 📍 Office Location: https://share.google/IdNJCnrf2jFCWten6
A45: ANJALI-8141489538 | B45: GJ03AZ3321 | C45: CHIRAGBHAI | D45: 46028 | E45: 28000 | F45: 41913 | G45: 9825777226 | H45: ="💬 *TORQUE AUTO ADVISOR – FITNESS / PASSING REMINDER* " & CHAR(10) & "📍 *Morbi*" & CHAR(10) & CHAR(10) & "🧾 *શ્રી " & C45 & " sir*, તમારી ગાડી *" & B45 & "* નું *પાસિંગ (Fitness) તા. " & TEXT(D45,"DD-MM-yyyy") & "* એ પૂરું થાય છે." & CHAR(10) & CHAR(10) & "⚠️ પાસિંગ સમયસર ન કરાવવાથી ઓનલાઇન મેમો આવી શકે છે. કૃપા કરીને પાસિંગ નિયમિત રીતે કરાવજો.પાસિંગ ચાલુ ના હોય તો વીમા ક્લેમ પાસ થતો નથી." & CHAR(10) & CHAR(10) & "✅ અમારી પાસે પાસિંગ, પરમીટ, લાઇસન્સ, નામ ટ્રાન્સફર, વીમો વગેરે RTO ને લગતી તમામ સર્વિસ ઉપલબ્ધ છે. —" & CHAR(10) & "📞 સંપર્ક કરો: " & A45 & " | 8141488962" & CHAR(10) & CHAR(10) & "🏢 *ટોર્ક ઓટો એડવાઇઝર*" & CHAR(10) & "બીજા માળે, જીલ કોમ્પલેક્સ, અયોધ્યાપૂરી રોડ," & CHAR(10) & "જૂના બસ સ્ટેન્ડ પાસે, મોરબી" & CHAR(10) & CHAR(10) & "🌐 www.torqueautoadvisor.com" & CHAR(10) & "✉️ info@torqueautoadvisor.com" & CHAR(10) & CHAR(10) & "GST No. 24ALBPL1123D1ZY" & CHAR(10) & "IRDA Code: 1980390000" & CHAR(10) & "MSME: UDYAM-GJ-32-0014559"& CHAR(10) & CHAR(10) & "📍 Office Location: https://share.google/IdNJCnrf2jFCWten6" -> 💬 *TORQUE AUTO ADVISOR – FITNESS / PASSING REMINDER* 📍 *Morbi* 🧾 *શ્રી CHIRAGBHAI sir*, તમારી ગાડી *GJ03AZ3321* નું *પાસિંગ (Fitness) તા. 06-01-2026* એ પૂરું થાય છે. ⚠️ પાસિંગ સમયસર ન કરાવવાથી ઓનલાઇન મેમો આવી શકે છે. કૃપા કરીને પાસિંગ નિયમિત રીતે કરાવજો.પાસિંગ ચાલુ ના હોય તો વીમા ક્લેમ પાસ થતો નથી. ✅ અમારી પાસે પાસિંગ, પરમીટ, લાઇસન્સ, નામ ટ્રાન્સફર, વીમો વગેરે RTO ને લગતી તમામ સર્વિસ ઉપલબ્ધ છે. — 📞 સંપર્ક કરો: ANJALI-8141489538 | 8141488962 🏢 *ટોર્ક ઓટો એડવાઇઝર* બીજા માળે, જીલ કોમ્પલેક્સ, અયોધ્યાપૂરી રોડ, જૂના બસ સ્ટેન્ડ પાસે, મોરબી 🌐 www.torqueautoadvisor.com ✉️ info@torqueautoadvisor.com GST No. 24ALBPL1123D1ZY IRDA Code: 1980390000 MSME: UDYAM-GJ-32-0014559 📍 Office Location: https://share.google/IdNJCnrf2jFCWten6
A46: ANJALI-8141489538 | B46: GJ03AT1864 | C46: PARMAR VANRAJBHAI | D46: 46028 | E46: 31000 | F46: 40516 | G46: 9924270937 | H46: ="💬 *TORQUE AUTO ADVISOR – FITNESS / PASSING REMINDER* " & CHAR(10) & "📍 *Morbi*" & CHAR(10) & CHAR(10) & "🧾 *શ્રી " & C46 & " sir*, તમારી ગાડી *" & B46 & "* નું *પાસિંગ (Fitness) તા. " & TEXT(D46,"DD-MM-yyyy") & "* એ પૂરું થાય છે." & CHAR(10) & CHAR(10) & "⚠️ પાસિંગ સમયસર ન કરાવવાથી ઓનલાઇન મેમો આવી શકે છે. કૃપા કરીને પાસિંગ નિયમિત રીતે કરાવજો.પાસિંગ ચાલુ ના હોય તો વીમા ક્લેમ પાસ થતો નથી." & CHAR(10) & CHAR(10) & "✅ અમારી પાસે પાસિંગ, પરમીટ, લાઇસન્સ, નામ ટ્રાન્સફર, વીમો વગેરે RTO ને લગતી તમામ સર્વિસ ઉપલબ્ધ છે. —" & CHAR(10) & "📞 સંપર્ક કરો: " & A46 & " | 8141488962" & CHAR(10) & CHAR(10) & "🏢 *ટોર્ક ઓટો એડવાઇઝર*" & CHAR(10) & "બીજા માળે, જીલ કોમ્પલેક્સ, અયોધ્યાપૂરી રોડ," & CHAR(10) & "જૂના બસ સ્ટેન્ડ પાસે, મોરબી" & CHAR(10) & CHAR(10) & "🌐 www.torqueautoadvisor.com" & CHAR(10) & "✉️ info@torqueautoadvisor.com" & CHAR(10) & CHAR(10) & "GST No. 24ALBPL1123D1ZY" & CHAR(10) & "IRDA Code: 1980390000" & CHAR(10) & "MSME: UDYAM-GJ-32-0014559"& CHAR(10) & CHAR(10) & "📍 Office Location: https://share.google/IdNJCnrf2jFCWten6" -> 💬 *TORQUE AUTO ADVISOR – FITNESS / PASSING REMINDER* 📍 *Morbi* 🧾 *શ્રી PARMAR VANRAJBHAI sir*, તમારી ગાડી *GJ03AT1864* નું *પાસિંગ (Fitness) તા. 06-01-2026* એ પૂરું થાય છે. ⚠️ પાસિંગ સમયસર ન કરાવવાથી ઓનલાઇન મેમો આવી શકે છે. કૃપા કરીને પાસિંગ નિયમિત રીતે કરાવજો.પાસિંગ ચાલુ ના હોય તો વીમા ક્લેમ પાસ થતો નથી. ✅ અમારી પાસે પાસિંગ, પરમીટ, લાઇસન્સ, નામ ટ્રાન્સફર, વીમો વગેરે RTO ને લગતી તમામ સર્વિસ ઉપલબ્ધ છે. — 📞 સંપર્ક કરો: ANJALI-8141489538 | 8141488962 🏢 *ટોર્ક ઓટો એડવાઇઝર* બીજા માળે, જીલ કોમ્પલેક્સ, અયોધ્યાપૂરી રોડ, જૂના બસ સ્ટેન્ડ પાસે, મોરબી 🌐 www.torqueautoadvisor.com ✉️ info@torqueautoadvisor.com GST No. 24ALBPL1123D1ZY IRDA Code: 1980390000 MSME: UDYAM-GJ-32-0014559 📍 Office Location: https://share.google/IdNJCnrf2jFCWten6
A47: ANJALI-8141489538 | B47: GJ36U7515 | C47: VIKRAMBHAI PIPALIYA | D47: 46029 | E47: 818 | F47: 44743 | G47: 6353698066 | H47: ="💬 *TORQUE AUTO ADVISOR – FITNESS / PASSING REMINDER* " & CHAR(10) & "📍 *Morbi*" & CHAR(10) & CHAR(10) & "🧾 *શ્રી " & C47 & " sir*, તમારી ગાડી *" & B47 & "* નું *પાસિંગ (Fitness) તા. " & TEXT(D47,"DD-MM-yyyy") & "* એ પૂરું થાય છે." & CHAR(10) & CHAR(10) & "⚠️ પાસિંગ સમયસર ન કરાવવાથી ઓનલાઇન મેમો આવી શકે છે. કૃપા કરીને પાસિંગ નિયમિત રીતે કરાવજો.પાસિંગ ચાલુ ના હોય તો વીમા ક્લેમ પાસ થતો નથી." & CHAR(10) & CHAR(10) & "✅ અમારી પાસે પાસિંગ, પરમીટ, લાઇસન્સ, નામ ટ્રાન્સફર, વીમો વગેરે RTO ને લગતી તમામ સર્વિસ ઉપલબ્ધ છે. —" & CHAR(10) & "📞 સંપર્ક કરો: " & A47 & " | 8141488962" & CHAR(10) & CHAR(10) & "🏢 *ટોર્ક ઓટો એડવાઇઝર*" & CHAR(10) & "બીજા માળે, જીલ કોમ્પલેક્સ, અયોધ્યાપૂરી રોડ," & CHAR(10) & "જૂના બસ સ્ટેન્ડ પાસે, મોરબી" & CHAR(10) & CHAR(10) & "🌐 www.torqueautoadvisor.com" & CHAR(10) & "✉️ info@torqueautoadvisor.com" & CHAR(10) & CHAR(10) & "GST No. 24ALBPL1123D1ZY" & CHAR(10) & "IRDA Code: 1980390000" & CHAR(10) & "MSME: UDYAM-GJ-32-0014559"& CHAR(10) & CHAR(10) & "📍 Office Location: https://share.google/IdNJCnrf2jFCWten6" -> 💬 *TORQUE AUTO ADVISOR – FITNESS / PASSING REMINDER* 📍 *Morbi* 🧾 *શ્રી VIKRAMBHAI PIPALIYA sir*, તમારી ગાડી *GJ36U7515* નું *પાસિંગ (Fitness) તા. 07-01-2026* એ પૂરું થાય છે. ⚠️ પાસિંગ સમયસર ન કરાવવાથી ઓનલાઇન મેમો આવી શકે છે. કૃપા કરીને પાસિંગ નિયમિત રીતે કરાવજો.પાસિંગ ચાલુ ના હોય તો વીમા ક્લેમ પાસ થતો નથી. ✅ અમારી પાસે પાસિંગ, પરમીટ, લાઇસન્સ, નામ ટ્રાન્સફર, વીમો વગેરે RTO ને લગતી તમામ સર્વિસ ઉપલબ્ધ છે. — 📞 સંપર્ક કરો: ANJALI-8141489538 | 8141488962 🏢 *ટોર્ક ઓટો એડવાઇઝર* બીજા માળે, જીલ કોમ્પલેક્સ, અયોધ્યાપૂરી રોડ, જૂના બસ સ્ટેન્ડ પાસે, મોરબી 🌐 www.torqueautoadvisor.com ✉️ info@torqueautoadvisor.com GST No. 24ALBPL1123D1ZY IRDA Code: 1980390000 MSME: UDYAM-GJ-32-0014559 📍 Office Location: https://share.google/IdNJCnrf2jFCWten6
A48: ANJALI-8141489538 | B48: GJ04AT6800 | C48: NANDINI-9714712137YA HARDASBHAI | D48: 46029 | E48: 16200 | F48: 42046 | G48: 9033208898 | H48: ="💬 *TORQUE AUTO ADVISOR – FITNESS / PASSING REMINDER* " & CHAR(10) & "📍 *Morbi*" & CHAR(10) & CHAR(10) & "🧾 *શ્રી " & C48 & " sir*, તમારી ગાડી *" & B48 & "* નું *પાસિંગ (Fitness) તા. " & TEXT(D48,"DD-MM-yyyy") & "* એ પૂરું થાય છે." & CHAR(10) & CHAR(10) & "⚠️ પાસિંગ સમયસર ન કરાવવાથી ઓનલાઇન મેમો આવી શકે છે. કૃપા કરીને પાસિંગ નિયમિત રીતે કરાવજો.પાસિંગ ચાલુ ના હોય તો વીમા ક્લેમ પાસ થતો નથી." & CHAR(10) & CHAR(10) & "✅ અમારી પાસે પાસિંગ, પરમીટ, લાઇસન્સ, નામ ટ્રાન્સફર, વીમો વગેરે RTO ને લગતી તમામ સર્વિસ ઉપલબ્ધ છે. —" & CHAR(10) & "📞 સંપર્ક કરો: " & A48 & " | 8141488962" & CHAR(10) & CHAR(10) & "🏢 *ટોર્ક ઓટો એડવાઇઝર*" & CHAR(10) & "બીજા માળે, જીલ કોમ્પલેક્સ, અયોધ્યાપૂરી રોડ," & CHAR(10) & "જૂના બસ સ્ટેન્ડ પાસે, મોરબી" & CHAR(10) & CHAR(10) & "🌐 www.torqueautoadvisor.com" & CHAR(10) & "✉️ info@torqueautoadvisor.com" & CHAR(10) & CHAR(10) & "GST No. 24ALBPL1123D1ZY" & CHAR(10) & "IRDA Code: 1980390000" & CHAR(10) & "MSME: UDYAM-GJ-32-0014559"& CHAR(10) & CHAR(10) & "📍 Office Location: https://share.google/IdNJCnrf2jFCWten6" -> 💬 *TORQUE AUTO ADVISOR – FITNESS / PASSING REMINDER* 📍 *Morbi* 🧾 *શ્રી NANDINI-9714712137YA HARDASBHAI sir*, તમારી ગાડી *GJ04AT6800* નું *પાસિંગ (Fitness) તા. 07-01-2026* એ પૂરું થાય છે. ⚠️ પાસિંગ સમયસર ન કરાવવાથી ઓનલાઇન મેમો આવી શકે છે. કૃપા કરીને પાસિંગ નિયમિત રીતે કરાવજો.પાસિંગ ચાલુ ના હોય તો વીમા ક્લેમ પાસ થતો નથી. ✅ અમારી પાસે પાસિંગ, પરમીટ, લાઇસન્સ, નામ ટ્રાન્સફર, વીમો વગેરે RTO ને લગતી તમામ સર્વિસ ઉપલબ્ધ છે. — 📞 સંપર્ક કરો: ANJALI-8141489538 | 8141488962 🏢 *ટોર્ક ઓટો એડવાઇઝર* બીજા માળે, જીલ કોમ્પલેક્સ, અયોધ્યાપૂરી રોડ, જૂના બસ સ્ટેન્ડ પાસે, મોરબી 🌐 www.torqueautoadvisor.com ✉️ info@torqueautoadvisor.com GST No. 24ALBPL1123D1ZY IRDA Code: 1980390000 MSME: UDYAM-GJ-32-0014559 📍 Office Location: https://share.google/IdNJCnrf2jFCWten6
A49: ANJALI-8141489538 | B49: GJ27T4756 | C49: YADAV MANIRAM | D49: 46029 | E49: 680 | F49: 41186 | G49: 9408881060 | H49: ="💬 *TORQUE AUTO ADVISOR – FITNESS / PASSING REMINDER* " & CHAR(10) & "📍 *Morbi*" & CHAR(10) & CHAR(10) & "🧾 *શ્રી " & C49 & " sir*, તમારી ગાડી *" & B49 & "* નું *પાસિંગ (Fitness) તા. " & TEXT(D49,"DD-MM-yyyy") & "* એ પૂરું થાય છે." & CHAR(10) & CHAR(10) & "⚠️ પાસિંગ સમયસર ન કરાવવાથી ઓનલાઇન મેમો આવી શકે છે. કૃપા કરીને પાસિંગ નિયમિત રીતે કરાવજો.પાસિંગ ચાલુ ના હોય તો વીમા ક્લેમ પાસ થતો નથી." & CHAR(10) & CHAR(10) & "✅ અમારી પાસે પાસિંગ, પરમીટ, લાઇસન્સ, નામ ટ્રાન્સફર, વીમો વગેરે RTO ને લગતી તમામ સર્વિસ ઉપલબ્ધ છે. —" & CHAR(10) & "📞 સંપર્ક કરો: " & A49 & " | 8141488962" & CHAR(10) & CHAR(10) & "🏢 *ટોર્ક ઓટો એડવાઇઝર*" & CHAR(10) & "બીજા માળે, જીલ કોમ્પલેક્સ, અયોધ્યાપૂરી રોડ," & CHAR(10) & "જૂના બસ સ્ટેન્ડ પાસે, મોરબી" & CHAR(10) & CHAR(10) & "🌐 www.torqueautoadvisor.com" & CHAR(10) & "✉️ info@torqueautoadvisor.com" & CHAR(10) & CHAR(10) & "GST No. 24ALBPL1123D1ZY" & CHAR(10) & "IRDA Code: 1980390000" & CHAR(10) & "MSME: UDYAM-GJ-32-0014559"& CHAR(10) & CHAR(10) & "📍 Office Location: https://share.google/IdNJCnrf2jFCWten6" -> 💬 *TORQUE AUTO ADVISOR – FITNESS / PASSING REMINDER* 📍 *Morbi* 🧾 *શ્રી YADAV MANIRAM sir*, તમારી ગાડી *GJ27T4756* નું *પાસિંગ (Fitness) તા. 07-01-2026* એ પૂરું થાય છે. ⚠️ પાસિંગ સમયસર ન કરાવવાથી ઓનલાઇન મેમો આવી શકે છે. કૃપા કરીને પાસિંગ નિયમિત રીતે કરાવજો.પાસિંગ ચાલુ ના હોય તો વીમા ક્લેમ પાસ થતો નથી. ✅ અમારી પાસે પાસિંગ, પરમીટ, લાઇસન્સ, નામ ટ્રાન્સફર, વીમો વગેરે RTO ને લગતી તમામ સર્વિસ ઉપલબ્ધ છે. — 📞 સંપર્ક કરો: ANJALI-8141489538 | 8141488962 🏢 *ટોર્ક ઓટો એડવાઇઝર* બીજા માળે, જીલ કોમ્પલેક્સ, અયોધ્યાપૂરી રોડ, જૂના બસ સ્ટેન્ડ પાસે, મોરબી 🌐 www.torqueautoadvisor.com ✉️ info@torqueautoadvisor.com GST No. 24ALBPL1123D1ZY IRDA Code: 1980390000 MSME: UDYAM-GJ-32-0014559 📍 Office Location: https://share.google/IdNJCnrf2jFCWten6
A50: ANJALI-8141489538 | B50: GJ03BW1263 | C50: RAMESHBHAI | D50: 46029 | E50: 2750 | F50: 25/04/19 | G50: 9824000519 | H50: ="💬 *TORQUE AUTO ADVISOR – FITNESS / PASSING REMINDER* " & CHAR(10) & "📍 *Morbi*" & CHAR(10) & CHAR(10) & "🧾 *શ્રી " & C50 & " sir*, તમારી ગાડી *" & B50 & "* નું *પાસિંગ (Fitness) તા. " & TEXT(D50,"DD-MM-yyyy") & "* એ પૂરું થાય છે." & CHAR(10) & CHAR(10) & "⚠️ પાસિંગ સમયસર ન કરાવવાથી ઓનલાઇન મેમો આવી શકે છે. કૃપા કરીને પાસિંગ નિયમિત રીતે કરાવજો.પાસિંગ ચાલુ ના હોય તો વીમા ક્લેમ પાસ થતો નથી." & CHAR(10) & CHAR(10) & "✅ અમારી પાસે પાસિંગ, પરમીટ, લાઇસન્સ, નામ ટ્રાન્સફર, વીમો વગેરે RTO ને લગતી તમામ સર્વિસ ઉપલબ્ધ છે. —" & CHAR(10) & "📞 સંપર્ક કરો: " & A50 & " | 8141488962" & CHAR(10) & CHAR(10) & "🏢 *ટોર્ક ઓટો એડવાઇઝર*" & CHAR(10) & "બીજા માળે, જીલ કોમ્પલેક્સ, અયોધ્યાપૂરી રોડ," & CHAR(10) & "જૂના બસ સ્ટેન્ડ પાસે, મોરબી" & CHAR(10) & CHAR(10) & "🌐 www.torqueautoadvisor.com" & CHAR(10) & "✉️ info@torqueautoadvisor.com" & CHAR(10) & CHAR(10) & "GST No. 24ALBPL1123D1ZY" & CHAR(10) & "IRDA Code: 1980390000" & CHAR(10) & "MSME: UDYAM-GJ-32-0014559"& CHAR(10) & CHAR(10) & "📍 Office Location: https://share.google/IdNJCnrf2jFCWten6" -> 💬 *TORQUE AUTO ADVISOR – FITNESS / PASSING REMINDER* 📍 *Morbi* 🧾 *શ્રી RAMESHBHAI sir*, તમારી ગાડી *GJ03BW1263* નું *પાસિંગ (Fitness) તા. 07-01-2026* એ પૂરું થાય છે. ⚠️ પાસિંગ સમયસર ન કરાવવાથી ઓનલાઇન મેમો આવી શકે છે. કૃપા કરીને પાસિંગ નિયમિત રીતે કરાવજો.પાસિંગ ચાલુ ના હોય તો વીમા ક્લેમ પાસ થતો નથી. ✅ અમારી પાસે પાસિંગ, પરમીટ, લાઇસન્સ, નામ ટ્રાન્સફર, વીમો વગેરે RTO ને લગતી તમામ સર્વિસ ઉપલબ્ધ છે. — 📞 સંપર્ક કરો: ANJALI-8141489538 | 8141488962 🏢 *ટોર્ક ઓટો એડવાઇઝર* બીજા માળે, જીલ કોમ્પલેક્સ, અયોધ્યાપૂરી રોડ, જૂના બસ સ્ટેન્ડ પાસે, મોરબી 🌐 www.torqueautoadvisor.com ✉️ info@torqueautoadvisor.com GST No. 24ALBPL1123D1ZY IRDA Code: 1980390000 MSME: UDYAM-GJ-32-0014559 📍 Office Location: https://share.google/IdNJCnrf2jFCWten6
A51: ANJALI-8141489538 | B51: GJ36T6955 | C51: ONERY TILES LLP | D51: 46029 | E51: 2850 | F51: 43592 | G51: 9905822222 | H51: ="💬 *TORQUE AUTO ADVISOR – FITNESS / PASSING REMINDER* " & CHAR(10) & "📍 *Morbi*" & CHAR(10) & CHAR(10) & "🧾 *શ્રી " & C51 & " sir*, તમારી ગાડી *" & B51 & "* નું *પાસિંગ (Fitness) તા. " & TEXT(D51,"DD-MM-yyyy") & "* એ પૂરું થાય છે." & CHAR(10) & CHAR(10) & "⚠️ પાસિંગ સમયસર ન કરાવવાથી ઓનલાઇન મેમો આવી શકે છે. કૃપા કરીને પાસિંગ નિયમિત રીતે કરાવજો.પાસિંગ ચાલુ ના હોય તો વીમા ક્લેમ પાસ થતો નથી." & CHAR(10) & CHAR(10) & "✅ અમારી પાસે પાસિંગ, પરમીટ, લાઇસન્સ, નામ ટ્રાન્સફર, વીમો વગેરે RTO ને લગતી તમામ સર્વિસ ઉપલબ્ધ છે. —" & CHAR(10) & "📞 સંપર્ક કરો: " & A51 & " | 8141488962" & CHAR(10) & CHAR(10) & "🏢 *ટોર્ક ઓટો એડવાઇઝર*" & CHAR(10) & "બીજા માળે, જીલ કોમ્પલેક્સ, અયોધ્યાપૂરી રોડ," & CHAR(10) & "જૂના બસ સ્ટેન્ડ પાસે, મોરબી" & CHAR(10) & CHAR(10) & "🌐 www.torqueautoadvisor.com" & CHAR(10) & "✉️ info@torqueautoadvisor.com" & CHAR(10) & CHAR(10) & "GST No. 24ALBPL1123D1ZY" & CHAR(10) & "IRDA Code: 1980390000" & CHAR(10) & "MSME: UDYAM-GJ-32-0014559"& CHAR(10) & CHAR(10) & "📍 Office Location: https://share.google/IdNJCnrf2jFCWten6" -> 💬 *TORQUE AUTO ADVISOR – FITNESS / PASSING REMINDER* 📍 *Morbi* 🧾 *શ્રી ONERY TILES LLP sir*, તમારી ગાડી *GJ36T6955* નું *પાસિંગ (Fitness) તા. 07-01-2026* એ પૂરું થાય છે. ⚠️ પાસિંગ સમયસર ન કરાવવાથી ઓનલાઇન મેમો આવી શકે છે. કૃપા કરીને પાસિંગ નિયમિત રીતે કરાવજો.પાસિંગ ચાલુ ના હોય તો વીમા ક્લેમ પાસ થતો નથી. ✅ અમારી પાસે પાસિંગ, પરમીટ, લાઇસન્સ, નામ ટ્રાન્સફર, વીમો વગેરે RTO ને લગતી તમામ સર્વિસ ઉપલબ્ધ છે. — 📞 સંપર્ક કરો: ANJALI-8141489538 | 8141488962 🏢 *ટોર્ક ઓટો એડવાઇઝર* બીજા માળે, જીલ કોમ્પલેક્સ, અયોધ્યાપૂરી રોડ, જૂના બસ સ્ટેન્ડ પાસે, મોરબી 🌐 www.torqueautoadvisor.com ✉️ info@torqueautoadvisor.com GST No. 24ALBPL1123D1ZY IRDA Code: 1980390000 MSME: UDYAM-GJ-32-0014559 📍 Office Location: https://share.google/IdNJCnrf2jFCWten6
A52: ANJALI-8141489538 | B52: GJ36X8111 | C52: RABARI SARTAN BHAI | D52: 46029 | E52: 12990 | F52: 16/04/18 | G52: 9978186675 | H52: ="💬 *TORQUE AUTO ADVISOR – FITNESS / PASSING REMINDER* " & CHAR(10) & "📍 *Morbi*" & CHAR(10) & CHAR(10) & "🧾 *શ્રી " & C52 & " sir*, તમારી ગાડી *" & B52 & "* નું *પાસિંગ (Fitness) તા. " & TEXT(D52,"DD-MM-yyyy") & "* એ પૂરું થાય છે." & CHAR(10) & CHAR(10) & "⚠️ પાસિંગ સમયસર ન કરાવવાથી ઓનલાઇન મેમો આવી શકે છે. કૃપા કરીને પાસિંગ નિયમિત રીતે કરાવજો.પાસિંગ ચાલુ ના હોય તો વીમા ક્લેમ પાસ થતો નથી." & CHAR(10) & CHAR(10) & "✅ અમારી પાસે પાસિંગ, પરમીટ, લાઇસન્સ, નામ ટ્રાન્સફર, વીમો વગેરે RTO ને લગતી તમામ સર્વિસ ઉપલબ્ધ છે. —" & CHAR(10) & "📞 સંપર્ક કરો: " & A52 & " | 8141488962" & CHAR(10) & CHAR(10) & "🏢 *ટોર્ક ઓટો એડવાઇઝર*" & CHAR(10) & "બીજા માળે, જીલ કોમ્પલેક્સ, અયોધ્યાપૂરી રોડ," & CHAR(10) & "જૂના બસ સ્ટેન્ડ પાસે, મોરબી" & CHAR(10) & CHAR(10) & "🌐 www.torqueautoadvisor.com" & CHAR(10) & "✉️ info@torqueautoadvisor.com" & CHAR(10) & CHAR(10) & "GST No. 24ALBPL1123D1ZY" & CHAR(10) & "IRDA Code: 1980390000" & CHAR(10) & "MSME: UDYAM-GJ-32-0014559"& CHAR(10) & CHAR(10) & "📍 Office Location: https://share.google/IdNJCnrf2jFCWten6" -> 💬 *TORQUE AUTO ADVISOR – FITNESS / PASSING REMINDER* 📍 *Morbi* 🧾 *શ્રી RABARI SARTAN BHAI sir*, તમારી ગાડી *GJ36X8111* નું *પાસિંગ (Fitness) તા. 07-01-2026* એ પૂરું થાય છે. ⚠️ પાસિંગ સમયસર ન કરાવવાથી ઓનલાઇન મેમો આવી શકે છે. કૃપા કરીને પાસિંગ નિયમિત રીતે કરાવજો.પાસિંગ ચાલુ ના હોય તો વીમા ક્લેમ પાસ થતો નથી. ✅ અમારી પાસે પાસિંગ, પરમીટ, લાઇસન્સ, નામ ટ્રાન્સફર, વીમો વગેરે RTO ને લગતી તમામ સર્વિસ ઉપલબ્ધ છે. — 📞 સંપર્ક કરો: ANJALI-8141489538 | 8141488962 🏢 *ટોર્ક ઓટો એડવાઇઝર* બીજા માળે, જીલ કોમ્પલેક્સ, અયોધ્યાપૂરી રોડ, જૂના બસ સ્ટેન્ડ પાસે, મોરબી 🌐 www.torqueautoadvisor.com ✉️ info@torqueautoadvisor.com GST No. 24ALBPL1123D1ZY IRDA Code: 1980390000 MSME: UDYAM-GJ-32-0014559 📍 Office Location: https://share.google/IdNJCnrf2jFCWten6
A53: ANJALI-8141489538 | B53: GJ36X2444 | C53: AJAD ADAMBHAI LOLADIYA | D53: 46030 | E53: 47500 | F53: 19/01/24 | G53: 7778900092 | H53: ="💬 *TORQUE AUTO ADVISOR – FITNESS / PASSING REMINDER* " & CHAR(10) & "📍 *Morbi*" & CHAR(10) & CHAR(10) & "🧾 *શ્રી " & C53 & " sir*, તમારી ગાડી *" & B53 & "* નું *પાસિંગ (Fitness) તા. " & TEXT(D53,"DD-MM-yyyy") & "* એ પૂરું થાય છે." & CHAR(10) & CHAR(10) & "⚠️ પાસિંગ સમયસર ન કરાવવાથી ઓનલાઇન મેમો આવી શકે છે. કૃપા કરીને પાસિંગ નિયમિત રીતે કરાવજો.પાસિંગ ચાલુ ના હોય તો વીમા ક્લેમ પાસ થતો નથી." & CHAR(10) & CHAR(10) & "✅ અમારી પાસે પાસિંગ, પરમીટ, લાઇસન્સ, નામ ટ્રાન્સફર, વીમો વગેરે RTO ને લગતી તમામ સર્વિસ ઉપલબ્ધ છે. —" & CHAR(10) & "📞 સંપર્ક કરો: " & A53 & " | 8141488962" & CHAR(10) & CHAR(10) & "🏢 *ટોર્ક ઓટો એડવાઇઝર*" & CHAR(10) & "બીજા માળે, જીલ કોમ્પલેક્સ, અયોધ્યાપૂરી રોડ," & CHAR(10) & "જૂના બસ સ્ટેન્ડ પાસે, મોરબી" & CHAR(10) & CHAR(10) & "🌐 www.torqueautoadvisor.com" & CHAR(10) & "✉️ info@torqueautoadvisor.com" & CHAR(10) & CHAR(10) & "GST No. 24ALBPL1123D1ZY" & CHAR(10) & "IRDA Code: 1980390000" & CHAR(10) & "MSME: UDYAM-GJ-32-0014559"& CHAR(10) & CHAR(10) & "📍 Office Location: https://share.google/IdNJCnrf2jFCWten6" -> 💬 *TORQUE AUTO ADVISOR – FITNESS / PASSING REMINDER* 📍 *Morbi* 🧾 *શ્રી AJAD ADAMBHAI LOLADIYA sir*, તમારી ગાડી *GJ36X2444* નું *પાસિંગ (Fitness) તા. 08-01-2026* એ પૂરું થાય છે. ⚠️ પાસિંગ સમયસર ન કરાવવાથી ઓનલાઇન મેમો આવી શકે છે. કૃપા કરીને પાસિંગ નિયમિત રીતે કરાવજો.પાસિંગ ચાલુ ના હોય તો વીમા ક્લેમ પાસ થતો નથી. ✅ અમારી પાસે પાસિંગ, પરમીટ, લાઇસન્સ, નામ ટ્રાન્સફર, વીમો વગેરે RTO ને લગતી તમામ સર્વિસ ઉપલબ્ધ છે. — 📞 સંપર્ક કરો: ANJALI-8141489538 | 8141488962 🏢 *ટોર્ક ઓટો એડવાઇઝર* બીજા માળે, જીલ કોમ્પલેક્સ, અયોધ્યાપૂરી રોડ, જૂના બસ સ્ટેન્ડ પાસે, મોરબી 🌐 www.torqueautoadvisor.com ✉️ info@torqueautoadvisor.com GST No. 24ALBPL1123D1ZY IRDA Code: 1980390000 MSME: UDYAM-GJ-32-0014559 📍 Office Location: https://share.google/IdNJCnrf2jFCWten6
A54: ANJALI-8141489538 | B54: GJ36X8359 | C54: AJAD ADAMBHAI LOLADIYA | D54: 46030 | E54: 47500 | F54: 19/01/24 | G54: 7778900092 | H54: ="💬 *TORQUE AUTO ADVISOR – FITNESS / PASSING REMINDER* " & CHAR(10) & "📍 *Morbi*" & CHAR(10) & CHAR(10) & "🧾 *શ્રી " & C54 & " sir*, તમારી ગાડી *" & B54 & "* નું *પાસિંગ (Fitness) તા. " & TEXT(D54,"DD-MM-yyyy") & "* એ પૂરું થાય છે." & CHAR(10) & CHAR(10) & "⚠️ પાસિંગ સમયસર ન કરાવવાથી ઓનલાઇન મેમો આવી શકે છે. કૃપા કરીને પાસિંગ નિયમિત રીતે કરાવજો.પાસિંગ ચાલુ ના હોય તો વીમા ક્લેમ પાસ થતો નથી." & CHAR(10) & CHAR(10) & "✅ અમારી પાસે પાસિંગ, પરમીટ, લાઇસન્સ, નામ ટ્રાન્સફર, વીમો વગેરે RTO ને લગતી તમામ સર્વિસ ઉપલબ્ધ છે. —" & CHAR(10) & "📞 સંપર્ક કરો: " & A54 & " | 8141488962" & CHAR(10) & CHAR(10) & "🏢 *ટોર્ક ઓટો એડવાઇઝર*" & CHAR(10) & "બીજા માળે, જીલ કોમ્પલેક્સ, અયોધ્યાપૂરી રોડ," & CHAR(10) & "જૂના બસ સ્ટેન્ડ પાસે, મોરબી" & CHAR(10) & CHAR(10) & "🌐 www.torqueautoadvisor.com" & CHAR(10) & "✉️ info@torqueautoadvisor.com" & CHAR(10) & CHAR(10) & "GST No. 24ALBPL1123D1ZY" & CHAR(10) & "IRDA Code: 1980390000" & CHAR(10) & "MSME: UDYAM-GJ-32-0014559"& CHAR(10) & CHAR(10) & "📍 Office Location: https://share.google/IdNJCnrf2jFCWten6" -> 💬 *TORQUE AUTO ADVISOR – FITNESS / PASSING REMINDER* 📍 *Morbi* 🧾 *શ્રી AJAD ADAMBHAI LOLADIYA sir*, તમારી ગાડી *GJ36X8359* નું *પાસિંગ (Fitness) તા. 08-01-2026* એ પૂરું થાય છે. ⚠️ પાસિંગ સમયસર ન કરાવવાથી ઓનલાઇન મેમો આવી શકે છે. કૃપા કરીને પાસિંગ નિયમિત રીતે કરાવજો.પાસિંગ ચાલુ ના હોય તો વીમા ક્લેમ પાસ થતો નથી. ✅ અમારી પાસે પાસિંગ, પરમીટ, લાઇસન્સ, નામ ટ્રાન્સફર, વીમો વગેરે RTO ને લગતી તમામ સર્વિસ ઉપલબ્ધ છે. — 📞 સંપર્ક કરો: ANJALI-8141489538 | 8141488962 🏢 *ટોર્ક ઓટો એડવાઇઝર* બીજા માળે, જીલ કોમ્પલેક્સ, અયોધ્યાપૂરી રોડ, જૂના બસ સ્ટેન્ડ પાસે, મોરબી 🌐 www.torqueautoadvisor.com ✉️ info@torqueautoadvisor.com GST No. 24ALBPL1123D1ZY IRDA Code: 1980390000 MSME: UDYAM-GJ-32-0014559 📍 Office Location: https://share.google/IdNJCnrf2jFCWten6
A55: ANJALI-8141489538 | B55: GJ36V6034 | C55: VIJAYALAKSHMI CONSTRUCTIONS | D55: 46030 | E55: 2735 | F55: 45536 | G55: 8328089915 | H55: ="💬 *TORQUE AUTO ADVISOR – FITNESS / PASSING REMINDER* " & CHAR(10) & "📍 *Morbi*" & CHAR(10) & CHAR(10) & "🧾 *શ્રી " & C55 & " sir*, તમારી ગાડી *" & B55 & "* નું *પાસિંગ (Fitness) તા. " & TEXT(D55,"DD-MM-yyyy") & "* એ પૂરું થાય છે." & CHAR(10) & CHAR(10) & "⚠️ પાસિંગ સમયસર ન કરાવવાથી ઓનલાઇન મેમો આવી શકે છે. કૃપા કરીને પાસિંગ નિયમિત રીતે કરાવજો.પાસિંગ ચાલુ ના હોય તો વીમા ક્લેમ પાસ થતો નથી." & CHAR(10) & CHAR(10) & "✅ અમારી પાસે પાસિંગ, પરમીટ, લાઇસન્સ, નામ ટ્રાન્સફર, વીમો વગેરે RTO ને લગતી તમામ સર્વિસ ઉપલબ્ધ છે. —" & CHAR(10) & "📞 સંપર્ક કરો: " & A55 & " | 8141488962" & CHAR(10) & CHAR(10) & "🏢 *ટોર્ક ઓટો એડવાઇઝર*" & CHAR(10) & "બીજા માળે, જીલ કોમ્પલેક્સ, અયોધ્યાપૂરી રોડ," & CHAR(10) & "જૂના બસ સ્ટેન્ડ પાસે, મોરબી" & CHAR(10) & CHAR(10) & "🌐 www.torqueautoadvisor.com" & CHAR(10) & "✉️ info@torqueautoadvisor.com" & CHAR(10) & CHAR(10) & "GST No. 24ALBPL1123D1ZY" & CHAR(10) & "IRDA Code: 1980390000" & CHAR(10) & "MSME: UDYAM-GJ-32-0014559"& CHAR(10) & CHAR(10) & "📍 Office Location: https://share.google/IdNJCnrf2jFCWten6" -> 💬 *TORQUE AUTO ADVISOR – FITNESS / PASSING REMINDER* 📍 *Morbi* 🧾 *શ્રી VIJAYALAKSHMI CONSTRUCTIONS sir*, તમારી ગાડી *GJ36V6034* નું *પાસિંગ (Fitness) તા. 08-01-2026* એ પૂરું થાય છે. ⚠️ પાસિંગ સમયસર ન કરાવવાથી ઓનલાઇન મેમો આવી શકે છે. કૃપા કરીને પાસિંગ નિયમિત રીતે કરાવજો.પાસિંગ ચાલુ ના હોય તો વીમા ક્લેમ પાસ થતો નથી. ✅ અમારી પાસે પાસિંગ, પરમીટ, લાઇસન્સ, નામ ટ્રાન્સફર, વીમો વગેરે RTO ને લગતી તમામ સર્વિસ ઉપલબ્ધ છે. — 📞 સંપર્ક કરો: ANJALI-8141489538 | 8141488962 🏢 *ટોર્ક ઓટો એડવાઇઝર* બીજા માળે, જીલ કોમ્પલેક્સ, અયોધ્યાપૂરી રોડ, જૂના બસ સ્ટેન્ડ પાસે, મોરબી 🌐 www.torqueautoadvisor.com ✉️ info@torqueautoadvisor.com GST No. 24ALBPL1123D1ZY IRDA Code: 1980390000 MSME: UDYAM-GJ-32-0014559 📍 Office Location: https://share.google/IdNJCnrf2jFCWten6
A56: ANJALI-8141489538 | B56: GJ36V6488 | C56: VIJAYALAKSHMI CONSTRUCTIONS | D56: 46030 | E56: 2735 | F56: 45536 | G56: 8328089915 | H56: ="💬 *TORQUE AUTO ADVISOR – FITNESS / PASSING REMINDER* " & CHAR(10) & "📍 *Morbi*" & CHAR(10) & CHAR(10) & "🧾 *શ્રી " & C56 & " sir*, તમારી ગાડી *" & B56 & "* નું *પાસિંગ (Fitness) તા. " & TEXT(D56,"DD-MM-yyyy") & "* એ પૂરું થાય છે." & CHAR(10) & CHAR(10) & "⚠️ પાસિંગ સમયસર ન કરાવવાથી ઓનલાઇન મેમો આવી શકે છે. કૃપા કરીને પાસિંગ નિયમિત રીતે કરાવજો.પાસિંગ ચાલુ ના હોય તો વીમા ક્લેમ પાસ થતો નથી." & CHAR(10) & CHAR(10) & "✅ અમારી પાસે પાસિંગ, પરમીટ, લાઇસન્સ, નામ ટ્રાન્સફર, વીમો વગેરે RTO ને લગતી તમામ સર્વિસ ઉપલબ્ધ છે. —" & CHAR(10) & "📞 સંપર્ક કરો: " & A56 & " | 8141488962" & CHAR(10) & CHAR(10) & "🏢 *ટોર્ક ઓટો એડવાઇઝર*" & CHAR(10) & "બીજા માળે, જીલ કોમ્પલેક્સ, અયોધ્યાપૂરી રોડ," & CHAR(10) & "જૂના બસ સ્ટેન્ડ પાસે, મોરબી" & CHAR(10) & CHAR(10) & "🌐 www.torqueautoadvisor.com" & CHAR(10) & "✉️ info@torqueautoadvisor.com" & CHAR(10) & CHAR(10) & "GST No. 24ALBPL1123D1ZY" & CHAR(10) & "IRDA Code: 1980390000" & CHAR(10) & "MSME: UDYAM-GJ-32-0014559"& CHAR(10) & CHAR(10) & "📍 Office Location: https://share.google/IdNJCnrf2jFCWten6" -> 💬 *TORQUE AUTO ADVISOR – FITNESS / PASSING REMINDER* 📍 *Morbi* 🧾 *શ્રી VIJAYALAKSHMI CONSTRUCTIONS sir*, તમારી ગાડી *GJ36V6488* નું *પાસિંગ (Fitness) તા. 08-01-2026* એ પૂરું થાય છે. ⚠️ પાસિંગ સમયસર ન કરાવવાથી ઓનલાઇન મેમો આવી શકે છે. કૃપા કરીને પાસિંગ નિયમિત રીતે કરાવજો.પાસિંગ ચાલુ ના હોય તો વીમા ક્લેમ પાસ થતો નથી. ✅ અમારી પાસે પાસિંગ, પરમીટ, લાઇસન્સ, નામ ટ્રાન્સફર, વીમો વગેરે RTO ને લગતી તમામ સર્વિસ ઉપલબ્ધ છે. — 📞 સંપર્ક કરો: ANJALI-8141489538 | 8141488962 🏢 *ટોર્ક ઓટો એડવાઇઝર* બીજા માળે, જીલ કોમ્પલેક્સ, અયોધ્યાપૂરી રોડ, જૂના બસ સ્ટેન્ડ પાસે, મોરબી 🌐 www.torqueautoadvisor.com ✉️ info@torqueautoadvisor.com GST No. 24ALBPL1123D1ZY IRDA Code: 1980390000 MSME: UDYAM-GJ-32-0014559 📍 Office Location: https://share.google/IdNJCnrf2jFCWten6
A57: ANJALI-8141489538 | B57: GJ36V6307 | C57: VIJAY PRAVINBHAI VIRSODIYA | D57: 46030 | E57: 3490 | F57: 45536 | G57: 9510827843 | H57: ="💬 *TORQUE AUTO ADVISOR – FITNESS / PASSING REMINDER* " & CHAR(10) & "📍 *Morbi*" & CHAR(10) & CHAR(10) & "🧾 *શ્રી " & C57 & " sir*, તમારી ગાડી *" & B57 & "* નું *પાસિંગ (Fitness) તા. " & TEXT(D57,"DD-MM-yyyy") & "* એ પૂરું થાય છે." & CHAR(10) & CHAR(10) & "⚠️ પાસિંગ સમયસર ન કરાવવાથી ઓનલાઇન મેમો આવી શકે છે. કૃપા કરીને પાસિંગ નિયમિત રીતે કરાવજો.પાસિંગ ચાલુ ના હોય તો વીમા ક્લેમ પાસ થતો નથી." & CHAR(10) & CHAR(10) & "✅ અમારી પાસે પાસિંગ, પરમીટ, લાઇસન્સ, નામ ટ્રાન્સફર, વીમો વગેરે RTO ને લગતી તમામ સર્વિસ ઉપલબ્ધ છે. —" & CHAR(10) & "📞 સંપર્ક કરો: " & A57 & " | 8141488962" & CHAR(10) & CHAR(10) & "🏢 *ટોર્ક ઓટો એડવાઇઝર*" & CHAR(10) & "બીજા માળે, જીલ કોમ્પલેક્સ, અયોધ્યાપૂરી રોડ," & CHAR(10) & "જૂના બસ સ્ટેન્ડ પાસે, મોરબી" & CHAR(10) & CHAR(10) & "🌐 www.torqueautoadvisor.com" & CHAR(10) & "✉️ info@torqueautoadvisor.com" & CHAR(10) & CHAR(10) & "GST No. 24ALBPL1123D1ZY" & CHAR(10) & "IRDA Code: 1980390000" & CHAR(10) & "MSME: UDYAM-GJ-32-0014559"& CHAR(10) & CHAR(10) & "📍 Office Location: https://share.google/IdNJCnrf2jFCWten6" -> 💬 *TORQUE AUTO ADVISOR – FITNESS / PASSING REMINDER* 📍 *Morbi* 🧾 *શ્રી VIJAY PRAVINBHAI VIRSODIYA sir*, તમારી ગાડી *GJ36V6307* નું *પાસિંગ (Fitness) તા. 08-01-2026* એ પૂરું થાય છે. ⚠️ પાસિંગ સમયસર ન કરાવવાથી ઓનલાઇન મેમો આવી શકે છે. કૃપા કરીને પાસિંગ નિયમિત રીતે કરાવજો.પાસિંગ ચાલુ ના હોય તો વીમા ક્લેમ પાસ થતો નથી. ✅ અમારી પાસે પાસિંગ, પરમીટ, લાઇસન્સ, નામ ટ્રાન્સફર, વીમો વગેરે RTO ને લગતી તમામ સર્વિસ ઉપલબ્ધ છે. — 📞 સંપર્ક કરો: ANJALI-8141489538 | 8141488962 🏢 *ટોર્ક ઓટો એડવાઇઝર* બીજા માળે, જીલ કોમ્પલેક્સ, અયોધ્યાપૂરી રોડ, જૂના બસ સ્ટેન્ડ પાસે, મોરબી 🌐 www.torqueautoadvisor.com ✉️ info@torqueautoadvisor.com GST No. 24ALBPL1123D1ZY IRDA Code: 1980390000 MSME: UDYAM-GJ-32-0014559 📍 Office Location: https://share.google/IdNJCnrf2jFCWten6
A58: ANJALI-8141489538 | B58: GJ11VV0677 | C58: DAKI NARESHBHAI | D58: 46030 | E58: 1615 | F58: 17/11/20 | G58: 9712190819 | H58: ="💬 *TORQUE AUTO ADVISOR – FITNESS / PASSING REMINDER* " & CHAR(10) & "📍 *Morbi*" & CHAR(10) & CHAR(10) & "🧾 *શ્રી " & C58 & " sir*, તમારી ગાડી *" & B58 & "* નું *પાસિંગ (Fitness) તા. " & TEXT(D58,"DD-MM-yyyy") & "* એ પૂરું થાય છે." & CHAR(10) & CHAR(10) & "⚠️ પાસિંગ સમયસર ન કરાવવાથી ઓનલાઇન મેમો આવી શકે છે. કૃપા કરીને પાસિંગ નિયમિત રીતે કરાવજો.પાસિંગ ચાલુ ના હોય તો વીમા ક્લેમ પાસ થતો નથી." & CHAR(10) & CHAR(10) & "✅ અમારી પાસે પાસિંગ, પરમીટ, લાઇસન્સ, નામ ટ્રાન્સફર, વીમો વગેરે RTO ને લગતી તમામ સર્વિસ ઉપલબ્ધ છે. —" & CHAR(10) & "📞 સંપર્ક કરો: " & A58 & " | 8141488962" & CHAR(10) & CHAR(10) & "🏢 *ટોર્ક ઓટો એડવાઇઝર*" & CHAR(10) & "બીજા માળે, જીલ કોમ્પલેક્સ, અયોધ્યાપૂરી રોડ," & CHAR(10) & "જૂના બસ સ્ટેન્ડ પાસે, મોરબી" & CHAR(10) & CHAR(10) & "🌐 www.torqueautoadvisor.com" & CHAR(10) & "✉️ info@torqueautoadvisor.com" & CHAR(10) & CHAR(10) & "GST No. 24ALBPL1123D1ZY" & CHAR(10) & "IRDA Code: 1980390000" & CHAR(10) & "MSME: UDYAM-GJ-32-0014559"& CHAR(10) & CHAR(10) & "📍 Office Location: https://share.google/IdNJCnrf2jFCWten6" -> 💬 *TORQUE AUTO ADVISOR – FITNESS / PASSING REMINDER* 📍 *Morbi* 🧾 *શ્રી DAKI NARESHBHAI sir*, તમારી ગાડી *GJ11VV0677* નું *પાસિંગ (Fitness) તા. 08-01-2026* એ પૂરું થાય છે. ⚠️ પાસિંગ સમયસર ન કરાવવાથી ઓનલાઇન મેમો આવી શકે છે. કૃપા કરીને પાસિંગ નિયમિત રીતે કરાવજો.પાસિંગ ચાલુ ના હોય તો વીમા ક્લેમ પાસ થતો નથી. ✅ અમારી પાસે પાસિંગ, પરમીટ, લાઇસન્સ, નામ ટ્રાન્સફર, વીમો વગેરે RTO ને લગતી તમામ સર્વિસ ઉપલબ્ધ છે. — 📞 સંપર્ક કરો: ANJALI-8141489538 | 8141488962 🏢 *ટોર્ક ઓટો એડવાઇઝર* બીજા માળે, જીલ કોમ્પલેક્સ, અયોધ્યાપૂરી રોડ, જૂના બસ સ્ટેન્ડ પાસે, મોરબી 🌐 www.torqueautoadvisor.com ✉️ info@torqueautoadvisor.com GST No. 24ALBPL1123D1ZY IRDA Code: 1980390000 MSME: UDYAM-GJ-32-0014559 📍 Office Location: https://share.google/IdNJCnrf2jFCWten6
A59: ANJALI-8141489538 | B59: GJ36X9314 | C59: KRIPALSINH | D59: 46030 | E59: 35000 | F59: 45536 | G59: 9712345667 | H59: ="💬 *TORQUE AUTO ADVISOR – FITNESS / PASSING REMINDER* " & CHAR(10) & "📍 *Morbi*" & CHAR(10) & CHAR(10) & "🧾 *શ્રી " & C59 & " sir*, તમારી ગાડી *" & B59 & "* નું *પાસિંગ (Fitness) તા. " & TEXT(D59,"DD-MM-yyyy") & "* એ પૂરું થાય છે." & CHAR(10) & CHAR(10) & "⚠️ પાસિંગ સમયસર ન કરાવવાથી ઓનલાઇન મેમો આવી શકે છે. કૃપા કરીને પાસિંગ નિયમિત રીતે કરાવજો.પાસિંગ ચાલુ ના હોય તો વીમા ક્લેમ પાસ થતો નથી." & CHAR(10) & CHAR(10) & "✅ અમારી પાસે પાસિંગ, પરમીટ, લાઇસન્સ, નામ ટ્રાન્સફર, વીમો વગેરે RTO ને લગતી તમામ સર્વિસ ઉપલબ્ધ છે. —" & CHAR(10) & "📞 સંપર્ક કરો: " & A59 & " | 8141488962" & CHAR(10) & CHAR(10) & "🏢 *ટોર્ક ઓટો એડવાઇઝર*" & CHAR(10) & "બીજા માળે, જીલ કોમ્પલેક્સ, અયોધ્યાપૂરી રોડ," & CHAR(10) & "જૂના બસ સ્ટેન્ડ પાસે, મોરબી" & CHAR(10) & CHAR(10) & "🌐 www.torqueautoadvisor.com" & CHAR(10) & "✉️ info@torqueautoadvisor.com" & CHAR(10) & CHAR(10) & "GST No. 24ALBPL1123D1ZY" & CHAR(10) & "IRDA Code: 1980390000" & CHAR(10) & "MSME: UDYAM-GJ-32-0014559"& CHAR(10) & CHAR(10) & "📍 Office Location: https://share.google/IdNJCnrf2jFCWten6" -> 💬 *TORQUE AUTO ADVISOR – FITNESS / PASSING REMINDER* 📍 *Morbi* 🧾 *શ્રી KRIPALSINH sir*, તમારી ગાડી *GJ36X9314* નું *પાસિંગ (Fitness) તા. 08-01-2026* એ પૂરું થાય છે. ⚠️ પાસિંગ સમયસર ન કરાવવાથી ઓનલાઇન મેમો આવી શકે છે. કૃપા કરીને પાસિંગ નિયમિત રીતે કરાવજો.પાસિંગ ચાલુ ના હોય તો વીમા ક્લેમ પાસ થતો નથી. ✅ અમારી પાસે પાસિંગ, પરમીટ, લાઇસન્સ, નામ ટ્રાન્સફર, વીમો વગેરે RTO ને લગતી તમામ સર્વિસ ઉપલબ્ધ છે. — 📞 સંપર્ક કરો: ANJALI-8141489538 | 8141488962 🏢 *ટોર્ક ઓટો એડવાઇઝર* બીજા માળે, જીલ કોમ્પલેક્સ, અયોધ્યાપૂરી રોડ, જૂના બસ સ્ટેન્ડ પાસે, મોરબી 🌐 www.torqueautoadvisor.com ✉️ info@torqueautoadvisor.com GST No. 24ALBPL1123D1ZY IRDA Code: 1980390000 MSME: UDYAM-GJ-32-0014559 📍 Office Location: https://share.google/IdNJCnrf2jFCWten6
A60: ANJALI-8141489538 | B60: GJ36X5558 | C60: BHAVESH BHAGUBHAI TOYATA | D60: 46030 | E60: 1600 | F60: 45536 | G60: 9898721720 | H60: ="💬 *TORQUE AUTO ADVISOR – FITNESS / PASSING REMINDER* " & CHAR(10) & "📍 *Morbi*" & CHAR(10) & CHAR(10) & "🧾 *શ્રી " & C60 & " sir*, તમારી ગાડી *" & B60 & "* નું *પાસિંગ (Fitness) તા. " & TEXT(D60,"DD-MM-yyyy") & "* એ પૂરું થાય છે." & CHAR(10) & CHAR(10) & "⚠️ પાસિંગ સમયસર ન કરાવવાથી ઓનલાઇન મેમો આવી શકે છે. કૃપા કરીને પાસિંગ નિયમિત રીતે કરાવજો.પાસિંગ ચાલુ ના હોય તો વીમા ક્લેમ પાસ થતો નથી." & CHAR(10) & CHAR(10) & "✅ અમારી પાસે પાસિંગ, પરમીટ, લાઇસન્સ, નામ ટ્રાન્સફર, વીમો વગેરે RTO ને લગતી તમામ સર્વિસ ઉપલબ્ધ છે. —" & CHAR(10) & "📞 સંપર્ક કરો: " & A60 & " | 8141488962" & CHAR(10) & CHAR(10) & "🏢 *ટોર્ક ઓટો એડવાઇઝર*" & CHAR(10) & "બીજા માળે, જીલ કોમ્પલેક્સ, અયોધ્યાપૂરી રોડ," & CHAR(10) & "જૂના બસ સ્ટેન્ડ પાસે, મોરબી" & CHAR(10) & CHAR(10) & "🌐 www.torqueautoadvisor.com" & CHAR(10) & "✉️ info@torqueautoadvisor.com" & CHAR(10) & CHAR(10) & "GST No. 24ALBPL1123D1ZY" & CHAR(10) & "IRDA Code: 1980390000" & CHAR(10) & "MSME: UDYAM-GJ-32-0014559"& CHAR(10) & CHAR(10) & "📍 Office Location: https://share.google/IdNJCnrf2jFCWten6" -> 💬 *TORQUE AUTO ADVISOR – FITNESS / PASSING REMINDER* 📍 *Morbi* 🧾 *શ્રી BHAVESH BHAGUBHAI TOYATA sir*, તમારી ગાડી *GJ36X5558* નું *પાસિંગ (Fitness) તા. 08-01-2026* એ પૂરું થાય છે. ⚠️ પાસિંગ સમયસર ન કરાવવાથી ઓનલાઇન મેમો આવી શકે છે. કૃપા કરીને પાસિંગ નિયમિત રીતે કરાવજો.પાસિંગ ચાલુ ના હોય તો વીમા ક્લેમ પાસ થતો નથી. ✅ અમારી પાસે પાસિંગ, પરમીટ, લાઇસન્સ, નામ ટ્રાન્સફર, વીમો વગેરે RTO ને લગતી તમામ સર્વિસ ઉપલબ્ધ છે. — 📞 સંપર્ક કરો: ANJALI-8141489538 | 8141488962 🏢 *ટોર્ક ઓટો એડવાઇઝર* બીજા માળે, જીલ કોમ્પલેક્સ, અયોધ્યાપૂરી રોડ, જૂના બસ સ્ટેન્ડ પાસે, મોરબી 🌐 www.torqueautoadvisor.com ✉️ info@torqueautoadvisor.com GST No. 24ALBPL1123D1ZY IRDA Code: 1980390000 MSME: UDYAM-GJ-32-0014559 📍 Office Location: https://share.google/IdNJCnrf2jFCWten6
A61: ANJALI-8141489538 | B61: GJ36T3685 | C61: MATHURBHAI | D61: 46030 | E61: 2670 | F61: 23/11/17 | G61: 9974126446 | H61: ="💬 *TORQUE AUTO ADVISOR – FITNESS / PASSING REMINDER* " & CHAR(10) & "📍 *Morbi*" & CHAR(10) & CHAR(10) & "🧾 *શ્રી " & C61 & " sir*, તમારી ગાડી *" & B61 & "* નું *પાસિંગ (Fitness) તા. " & TEXT(D61,"DD-MM-yyyy") & "* એ પૂરું થાય છે." & CHAR(10) & CHAR(10) & "⚠️ પાસિંગ સમયસર ન કરાવવાથી ઓનલાઇન મેમો આવી શકે છે. કૃપા કરીને પાસિંગ નિયમિત રીતે કરાવજો.પાસિંગ ચાલુ ના હોય તો વીમા ક્લેમ પાસ થતો નથી." & CHAR(10) & CHAR(10) & "✅ અમારી પાસે પાસિંગ, પરમીટ, લાઇસન્સ, નામ ટ્રાન્સફર, વીમો વગેરે RTO ને લગતી તમામ સર્વિસ ઉપલબ્ધ છે. —" & CHAR(10) & "📞 સંપર્ક કરો: " & A61 & " | 8141488962" & CHAR(10) & CHAR(10) & "🏢 *ટોર્ક ઓટો એડવાઇઝર*" & CHAR(10) & "બીજા માળે, જીલ કોમ્પલેક્સ, અયોધ્યાપૂરી રોડ," & CHAR(10) & "જૂના બસ સ્ટેન્ડ પાસે, મોરબી" & CHAR(10) & CHAR(10) & "🌐 www.torqueautoadvisor.com" & CHAR(10) & "✉️ info@torqueautoadvisor.com" & CHAR(10) & CHAR(10) & "GST No. 24ALBPL1123D1ZY" & CHAR(10) & "IRDA Code: 1980390000" & CHAR(10) & "MSME: UDYAM-GJ-32-0014559"& CHAR(10) & CHAR(10) & "📍 Office Location: https://share.google/IdNJCnrf2jFCWten6" -> 💬 *TORQUE AUTO ADVISOR – FITNESS / PASSING REMINDER* 📍 *Morbi* 🧾 *શ્રી MATHURBHAI sir*, તમારી ગાડી *GJ36T3685* નું *પાસિંગ (Fitness) તા. 08-01-2026* એ પૂરું થાય છે. ⚠️ પાસિંગ સમયસર ન કરાવવાથી ઓનલાઇન મેમો આવી શકે છે. કૃપા કરીને પાસિંગ નિયમિત રીતે કરાવજો.પાસિંગ ચાલુ ના હોય તો વીમા ક્લેમ પાસ થતો નથી. ✅ અમારી પાસે પાસિંગ, પરમીટ, લાઇસન્સ, નામ ટ્રાન્સફર, વીમો વગેરે RTO ને લગતી તમામ સર્વિસ ઉપલબ્ધ છે. — 📞 સંપર્ક કરો: ANJALI-8141489538 | 8141488962 🏢 *ટોર્ક ઓટો એડવાઇઝર* બીજા માળે, જીલ કોમ્પલેક્સ, અયોધ્યાપૂરી રોડ, જૂના બસ સ્ટેન્ડ પાસે, મોરબી 🌐 www.torqueautoadvisor.com ✉️ info@torqueautoadvisor.com GST No. 24ALBPL1123D1ZY IRDA Code: 1980390000 MSME: UDYAM-GJ-32-0014559 📍 Office Location: https://share.google/IdNJCnrf2jFCWten6
A62: ANJALI-8141489538 | B62: GJ36T1145 | C62: JAYESHBHAI | D62: 46031 | E62: 2620 | F62: 42525 | G62: 6351303063 | H62: ="💬 *TORQUE AUTO ADVISOR – FITNESS / PASSING REMINDER* " & CHAR(10) & "📍 *Morbi*" & CHAR(10) & CHAR(10) & "🧾 *શ્રી " & C62 & " sir*, તમારી ગાડી *" & B62 & "* નું *પાસિંગ (Fitness) તા. " & TEXT(D62,"DD-MM-yyyy") & "* એ પૂરું થાય છે." & CHAR(10) & CHAR(10) & "⚠️ પાસિંગ સમયસર ન કરાવવાથી ઓનલાઇન મેમો આવી શકે છે. કૃપા કરીને પાસિંગ નિયમિત રીતે કરાવજો.પાસિંગ ચાલુ ના હોય તો વીમા ક્લેમ પાસ થતો નથી." & CHAR(10) & CHAR(10) & "✅ અમારી પાસે પાસિંગ, પરમીટ, લાઇસન્સ, નામ ટ્રાન્સફર, વીમો વગેરે RTO ને લગતી તમામ સર્વિસ ઉપલબ્ધ છે. —" & CHAR(10) & "📞 સંપર્ક કરો: " & A62 & " | 8141488962" & CHAR(10) & CHAR(10) & "🏢 *ટોર્ક ઓટો એડવાઇઝર*" & CHAR(10) & "બીજા માળે, જીલ કોમ્પલેક્સ, અયોધ્યાપૂરી રોડ," & CHAR(10) & "જૂના બસ સ્ટેન્ડ પાસે, મોરબી" & CHAR(10) & CHAR(10) & "🌐 www.torqueautoadvisor.com" & CHAR(10) & "✉️ info@torqueautoadvisor.com" & CHAR(10) & CHAR(10) & "GST No. 24ALBPL1123D1ZY" & CHAR(10) & "IRDA Code: 1980390000" & CHAR(10) & "MSME: UDYAM-GJ-32-0014559"& CHAR(10) & CHAR(10) & "📍 Office Location: https://share.google/IdNJCnrf2jFCWten6" -> 💬 *TORQUE AUTO ADVISOR – FITNESS / PASSING REMINDER* 📍 *Morbi* 🧾 *શ્રી JAYESHBHAI sir*, તમારી ગાડી *GJ36T1145* નું *પાસિંગ (Fitness) તા. 09-01-2026* એ પૂરું થાય છે. ⚠️ પાસિંગ સમયસર ન કરાવવાથી ઓનલાઇન મેમો આવી શકે છે. કૃપા કરીને પાસિંગ નિયમિત રીતે કરાવજો.પાસિંગ ચાલુ ના હોય તો વીમા ક્લેમ પાસ થતો નથી. ✅ અમારી પાસે પાસિંગ, પરમીટ, લાઇસન્સ, નામ ટ્રાન્સફર, વીમો વગેરે RTO ને લગતી તમામ સર્વિસ ઉપલબ્ધ છે. — 📞 સંપર્ક કરો: ANJALI-8141489538 | 8141488962 🏢 *ટોર્ક ઓટો એડવાઇઝર* બીજા માળે, જીલ કોમ્પલેક્સ, અયોધ્યાપૂરી રોડ, જૂના બસ સ્ટેન્ડ પાસે, મોરબી 🌐 www.torqueautoadvisor.com ✉️ info@torqueautoadvisor.com GST No. 24ALBPL1123D1ZY IRDA Code: 1980390000 MSME: UDYAM-GJ-32-0014559 📍 Office Location: https://share.google/IdNJCnrf2jFCWten6
A63: ANJALI-8141489538 | B63: GJ01BT9982 | C63: MAHESH | D63: 46031 | E63: 28000 | F63: 20/12/07 | G63: 7201914444 | H63: ="💬 *TORQUE AUTO ADVISOR – FITNESS / PASSING REMINDER* " & CHAR(10) & "📍 *Morbi*" & CHAR(10) & CHAR(10) & "🧾 *શ્રી " & C63 & " sir*, તમારી ગાડી *" & B63 & "* નું *પાસિંગ (Fitness) તા. " & TEXT(D63,"DD-MM-yyyy") & "* એ પૂરું થાય છે." & CHAR(10) & CHAR(10) & "⚠️ પાસિંગ સમયસર ન કરાવવાથી ઓનલાઇન મેમો આવી શકે છે. કૃપા કરીને પાસિંગ નિયમિત રીતે કરાવજો.પાસિંગ ચાલુ ના હોય તો વીમા ક્લેમ પાસ થતો નથી." & CHAR(10) & CHAR(10) & "✅ અમારી પાસે પાસિંગ, પરમીટ, લાઇસન્સ, નામ ટ્રાન્સફર, વીમો વગેરે RTO ને લગતી તમામ સર્વિસ ઉપલબ્ધ છે. —" & CHAR(10) & "📞 સંપર્ક કરો: " & A63 & " | 8141488962" & CHAR(10) & CHAR(10) & "🏢 *ટોર્ક ઓટો એડવાઇઝર*" & CHAR(10) & "બીજા માળે, જીલ કોમ્પલેક્સ, અયોધ્યાપૂરી રોડ," & CHAR(10) & "જૂના બસ સ્ટેન્ડ પાસે, મોરબી" & CHAR(10) & CHAR(10) & "🌐 www.torqueautoadvisor.com" & CHAR(10) & "✉️ info@torqueautoadvisor.com" & CHAR(10) & CHAR(10) & "GST No. 24ALBPL1123D1ZY" & CHAR(10) & "IRDA Code: 1980390000" & CHAR(10) & "MSME: UDYAM-GJ-32-0014559"& CHAR(10) & CHAR(10) & "📍 Office Location: https://share.google/IdNJCnrf2jFCWten6" -> 💬 *TORQUE AUTO ADVISOR – FITNESS / PASSING REMINDER* 📍 *Morbi* 🧾 *શ્રી MAHESH sir*, તમારી ગાડી *GJ01BT9982* નું *પાસિંગ (Fitness) તા. 09-01-2026* એ પૂરું થાય છે. ⚠️ પાસિંગ સમયસર ન કરાવવાથી ઓનલાઇન મેમો આવી શકે છે. કૃપા કરીને પાસિંગ નિયમિત રીતે કરાવજો.પાસિંગ ચાલુ ના હોય તો વીમા ક્લેમ પાસ થતો નથી. ✅ અમારી પાસે પાસિંગ, પરમીટ, લાઇસન્સ, નામ ટ્રાન્સફર, વીમો વગેરે RTO ને લગતી તમામ સર્વિસ ઉપલબ્ધ છે. — 📞 સંપર્ક કરો: ANJALI-8141489538 | 8141488962 🏢 *ટોર્ક ઓટો એડવાઇઝર* બીજા માળે, જીલ કોમ્પલેક્સ, અયોધ્યાપૂરી રોડ, જૂના બસ સ્ટેન્ડ પાસે, મોરબી 🌐 www.torqueautoadvisor.com ✉️ info@torqueautoadvisor.com GST No. 24ALBPL1123D1ZY IRDA Code: 1980390000 MSME: UDYAM-GJ-32-0014559 📍 Office Location: https://share.google/IdNJCnrf2jFCWten6
A64: ANJALI-8141489538 | B64: GJ36X2012 | C64: AJAD ADAMBHAI LOLADIYA | D64: 46031 | E64: 47500 | F64: 45597 | G64: 7778900092 | H64: ="💬 *TORQUE AUTO ADVISOR – FITNESS / PASSING REMINDER* " & CHAR(10) & "📍 *Morbi*" & CHAR(10) & CHAR(10) & "🧾 *શ્રી " & C64 & " sir*, તમારી ગાડી *" & B64 & "* નું *પાસિંગ (Fitness) તા. " & TEXT(D64,"DD-MM-yyyy") & "* એ પૂરું થાય છે." & CHAR(10) & CHAR(10) & "⚠️ પાસિંગ સમયસર ન કરાવવાથી ઓનલાઇન મેમો આવી શકે છે. કૃપા કરીને પાસિંગ નિયમિત રીતે કરાવજો.પાસિંગ ચાલુ ના હોય તો વીમા ક્લેમ પાસ થતો નથી." & CHAR(10) & CHAR(10) & "✅ અમારી પાસે પાસિંગ, પરમીટ, લાઇસન્સ, નામ ટ્રાન્સફર, વીમો વગેરે RTO ને લગતી તમામ સર્વિસ ઉપલબ્ધ છે. —" & CHAR(10) & "📞 સંપર્ક કરો: " & A64 & " | 8141488962" & CHAR(10) & CHAR(10) & "🏢 *ટોર્ક ઓટો એડવાઇઝર*" & CHAR(10) & "બીજા માળે, જીલ કોમ્પલેક્સ, અયોધ્યાપૂરી રોડ," & CHAR(10) & "જૂના બસ સ્ટેન્ડ પાસે, મોરબી" & CHAR(10) & CHAR(10) & "🌐 www.torqueautoadvisor.com" & CHAR(10) & "✉️ info@torqueautoadvisor.com" & CHAR(10) & CHAR(10) & "GST No. 24ALBPL1123D1ZY" & CHAR(10) & "IRDA Code: 1980390000" & CHAR(10) & "MSME: UDYAM-GJ-32-0014559"& CHAR(10) & CHAR(10) & "📍 Office Location: https://share.google/IdNJCnrf2jFCWten6" -> 💬 *TORQUE AUTO ADVISOR – FITNESS / PASSING REMINDER* 📍 *Morbi* 🧾 *શ્રી AJAD ADAMBHAI LOLADIYA sir*, તમારી ગાડી *GJ36X2012* નું *પાસિંગ (Fitness) તા. 09-01-2026* એ પૂરું થાય છે. ⚠️ પાસિંગ સમયસર ન કરાવવાથી ઓનલાઇન મેમો આવી શકે છે. કૃપા કરીને પાસિંગ નિયમિત રીતે કરાવજો.પાસિંગ ચાલુ ના હોય તો વીમા ક્લેમ પાસ થતો નથી. ✅ અમારી પાસે પાસિંગ, પરમીટ, લાઇસન્સ, નામ ટ્રાન્સફર, વીમો વગેરે RTO ને લગતી તમામ સર્વિસ ઉપલબ્ધ છે. — 📞 સંપર્ક કરો: ANJALI-8141489538 | 8141488962 🏢 *ટોર્ક ઓટો એડવાઇઝર* બીજા માળે, જીલ કોમ્પલેક્સ, અયોધ્યાપૂરી રોડ, જૂના બસ સ્ટેન્ડ પાસે, મોરબી 🌐 www.torqueautoadvisor.com ✉️ info@torqueautoadvisor.com GST No. 24ALBPL1123D1ZY IRDA Code: 1980390000 MSME: UDYAM-GJ-32-0014559 📍 Office Location: https://share.google/IdNJCnrf2jFCWten6
A65: ANJALI-8141489538 | B65: GJ36X7914 | C65: AJAD ADAMBHAI LOLADIYA | D65: 46031 | E65: 47500 | F65: 45597 | G65: 7778900092 | H65: ="💬 *TORQUE AUTO ADVISOR – FITNESS / PASSING REMINDER* " & CHAR(10) & "📍 *Morbi*" & CHAR(10) & CHAR(10) & "🧾 *શ્રી " & C65 & " sir*, તમારી ગાડી *" & B65 & "* નું *પાસિંગ (Fitness) તા. " & TEXT(D65,"DD-MM-yyyy") & "* એ પૂરું થાય છે." & CHAR(10) & CHAR(10) & "⚠️ પાસિંગ સમયસર ન કરાવવાથી ઓનલાઇન મેમો આવી શકે છે. કૃપા કરીને પાસિંગ નિયમિત રીતે કરાવજો.પાસિંગ ચાલુ ના હોય તો વીમા ક્લેમ પાસ થતો નથી." & CHAR(10) & CHAR(10) & "✅ અમારી પાસે પાસિંગ, પરમીટ, લાઇસન્સ, નામ ટ્રાન્સફર, વીમો વગેરે RTO ને લગતી તમામ સર્વિસ ઉપલબ્ધ છે. —" & CHAR(10) & "📞 સંપર્ક કરો: " & A65 & " | 8141488962" & CHAR(10) & CHAR(10) & "🏢 *ટોર્ક ઓટો એડવાઇઝર*" & CHAR(10) & "બીજા માળે, જીલ કોમ્પલેક્સ, અયોધ્યાપૂરી રોડ," & CHAR(10) & "જૂના બસ સ્ટેન્ડ પાસે, મોરબી" & CHAR(10) & CHAR(10) & "🌐 www.torqueautoadvisor.com" & CHAR(10) & "✉️ info@torqueautoadvisor.com" & CHAR(10) & CHAR(10) & "GST No. 24ALBPL1123D1ZY" & CHAR(10) & "IRDA Code: 1980390000" & CHAR(10) & "MSME: UDYAM-GJ-32-0014559"& CHAR(10) & CHAR(10) & "📍 Office Location: https://share.google/IdNJCnrf2jFCWten6" -> 💬 *TORQUE AUTO ADVISOR – FITNESS / PASSING REMINDER* 📍 *Morbi* 🧾 *શ્રી AJAD ADAMBHAI LOLADIYA sir*, તમારી ગાડી *GJ36X7914* નું *પાસિંગ (Fitness) તા. 09-01-2026* એ પૂરું થાય છે. ⚠️ પાસિંગ સમયસર ન કરાવવાથી ઓનલાઇન મેમો આવી શકે છે. કૃપા કરીને પાસિંગ નિયમિત રીતે કરાવજો.પાસિંગ ચાલુ ના હોય તો વીમા ક્લેમ પાસ થતો નથી. ✅ અમારી પાસે પાસિંગ, પરમીટ, લાઇસન્સ, નામ ટ્રાન્સફર, વીમો વગેરે RTO ને લગતી તમામ સર્વિસ ઉપલબ્ધ છે. — 📞 સંપર્ક કરો: ANJALI-8141489538 | 8141488962 🏢 *ટોર્ક ઓટો એડવાઇઝર* બીજા માળે, જીલ કોમ્પલેક્સ, અયોધ્યાપૂરી રોડ, જૂના બસ સ્ટેન્ડ પાસે, મોરબી 🌐 www.torqueautoadvisor.com ✉️ info@torqueautoadvisor.com GST No. 24ALBPL1123D1ZY IRDA Code: 1980390000 MSME: UDYAM-GJ-32-0014559 📍 Office Location: https://share.google/IdNJCnrf2jFCWten6
A66: ANJALI-8141489538 | B66: GJ36U1380 | C66: HITESHBHAI | D66: 46031 | E66: 751 | F66: 43009 | G66: 8490913360 | H66: ="💬 *TORQUE AUTO ADVISOR – FITNESS / PASSING REMINDER* " & CHAR(10) & "📍 *Morbi*" & CHAR(10) & CHAR(10) & "🧾 *શ્રી " & C66 & " sir*, તમારી ગાડી *" & B66 & "* નું *પાસિંગ (Fitness) તા. " & TEXT(D66,"DD-MM-yyyy") & "* એ પૂરું થાય છે." & CHAR(10) & CHAR(10) & "⚠️ પાસિંગ સમયસર ન કરાવવાથી ઓનલાઇન મેમો આવી શકે છે. કૃપા કરીને પાસિંગ નિયમિત રીતે કરાવજો.પાસિંગ ચાલુ ના હોય તો વીમા ક્લેમ પાસ થતો નથી." & CHAR(10) & CHAR(10) & "✅ અમારી પાસે પાસિંગ, પરમીટ, લાઇસન્સ, નામ ટ્રાન્સફર, વીમો વગેરે RTO ને લગતી તમામ સર્વિસ ઉપલબ્ધ છે. —" & CHAR(10) & "📞 સંપર્ક કરો: " & A66 & " | 8141488962" & CHAR(10) & CHAR(10) & "🏢 *ટોર્ક ઓટો એડવાઇઝર*" & CHAR(10) & "બીજા માળે, જીલ કોમ્પલેક્સ, અયોધ્યાપૂરી રોડ," & CHAR(10) & "જૂના બસ સ્ટેન્ડ પાસે, મોરબી" & CHAR(10) & CHAR(10) & "🌐 www.torqueautoadvisor.com" & CHAR(10) & "✉️ info@torqueautoadvisor.com" & CHAR(10) & CHAR(10) & "GST No. 24ALBPL1123D1ZY" & CHAR(10) & "IRDA Code: 1980390000" & CHAR(10) & "MSME: UDYAM-GJ-32-0014559"& CHAR(10) & CHAR(10) & "📍 Office Location: https://share.google/IdNJCnrf2jFCWten6" -> 💬 *TORQUE AUTO ADVISOR – FITNESS / PASSING REMINDER* 📍 *Morbi* 🧾 *શ્રી HITESHBHAI sir*, તમારી ગાડી *GJ36U1380* નું *પાસિંગ (Fitness) તા. 09-01-2026* એ પૂરું થાય છે. ⚠️ પાસિંગ સમયસર ન કરાવવાથી ઓનલાઇન મેમો આવી શકે છે. કૃપા કરીને પાસિંગ નિયમિત રીતે કરાવજો.પાસિંગ ચાલુ ના હોય તો વીમા ક્લેમ પાસ થતો નથી. ✅ અમારી પાસે પાસિંગ, પરમીટ, લાઇસન્સ, નામ ટ્રાન્સફર, વીમો વગેરે RTO ને લગતી તમામ સર્વિસ ઉપલબ્ધ છે. — 📞 સંપર્ક કરો: ANJALI-8141489538 | 8141488962 🏢 *ટોર્ક ઓટો એડવાઇઝર* બીજા માળે, જીલ કોમ્પલેક્સ, અયોધ્યાપૂરી રોડ, જૂના બસ સ્ટેન્ડ પાસે, મોરબી 🌐 www.torqueautoadvisor.com ✉️ info@torqueautoadvisor.com GST No. 24ALBPL1123D1ZY IRDA Code: 1980390000 MSME: UDYAM-GJ-32-0014559 📍 Office Location: https://share.google/IdNJCnrf2jFCWten6
A67: ANJALI-8141489538 | B67: GJ03AV7850 | C67: AKILBHAI | D67: 46031 | E67: 2820 | F67: 39848 | G67: 9106370360 | H67: ="💬 *TORQUE AUTO ADVISOR – FITNESS / PASSING REMINDER* " & CHAR(10) & "📍 *Morbi*" & CHAR(10) & CHAR(10) & "🧾 *શ્રી " & C67 & " sir*, તમારી ગાડી *" & B67 & "* નું *પાસિંગ (Fitness) તા. " & TEXT(D67,"DD-MM-yyyy") & "* એ પૂરું થાય છે." & CHAR(10) & CHAR(10) & "⚠️ પાસિંગ સમયસર ન કરાવવાથી ઓનલાઇન મેમો આવી શકે છે. કૃપા કરીને પાસિંગ નિયમિત રીતે કરાવજો.પાસિંગ ચાલુ ના હોય તો વીમા ક્લેમ પાસ થતો નથી." & CHAR(10) & CHAR(10) & "✅ અમારી પાસે પાસિંગ, પરમીટ, લાઇસન્સ, નામ ટ્રાન્સફર, વીમો વગેરે RTO ને લગતી તમામ સર્વિસ ઉપલબ્ધ છે. —" & CHAR(10) & "📞 સંપર્ક કરો: " & A67 & " | 8141488962" & CHAR(10) & CHAR(10) & "🏢 *ટોર્ક ઓટો એડવાઇઝર*" & CHAR(10) & "બીજા માળે, જીલ કોમ્પલેક્સ, અયોધ્યાપૂરી રોડ," & CHAR(10) & "જૂના બસ સ્ટેન્ડ પાસે, મોરબી" & CHAR(10) & CHAR(10) & "🌐 www.torqueautoadvisor.com" & CHAR(10) & "✉️ info@torqueautoadvisor.com" & CHAR(10) & CHAR(10) & "GST No. 24ALBPL1123D1ZY" & CHAR(10) & "IRDA Code: 1980390000" & CHAR(10) & "MSME: UDYAM-GJ-32-0014559"& CHAR(10) & CHAR(10) & "📍 Office Location: https://share.google/IdNJCnrf2jFCWten6" -> 💬 *TORQUE AUTO ADVISOR – FITNESS / PASSING REMINDER* 📍 *Morbi* 🧾 *શ્રી AKILBHAI sir*, તમારી ગાડી *GJ03AV7850* નું *પાસિંગ (Fitness) તા. 09-01-2026* એ પૂરું થાય છે. ⚠️ પાસિંગ સમયસર ન કરાવવાથી ઓનલાઇન મેમો આવી શકે છે. કૃપા કરીને પાસિંગ નિયમિત રીતે કરાવજો.પાસિંગ ચાલુ ના હોય તો વીમા ક્લેમ પાસ થતો નથી. ✅ અમારી પાસે પાસિંગ, પરમીટ, લાઇસન્સ, નામ ટ્રાન્સફર, વીમો વગેરે RTO ને લગતી તમામ સર્વિસ ઉપલબ્ધ છે. — 📞 સંપર્ક કરો: ANJALI-8141489538 | 8141488962 🏢 *ટોર્ક ઓટો એડવાઇઝર* બીજા માળે, જીલ કોમ્પલેક્સ, અયોધ્યાપૂરી રોડ, જૂના બસ સ્ટેન્ડ પાસે, મોરબી 🌐 www.torqueautoadvisor.com ✉️ info@torqueautoadvisor.com GST No. 24ALBPL1123D1ZY IRDA Code: 1980390000 MSME: UDYAM-GJ-32-0014559 📍 Office Location: https://share.google/IdNJCnrf2jFCWten6
A68: ANJALI-8141489538 | B68: GJ03AV7952 | C68: AGRAVAT PARTH | D68: 46031 | E68: 7490 | F68: 39875 | G68: 9586592192 | H68: ="💬 *TORQUE AUTO ADVISOR – FITNESS / PASSING REMINDER* " & CHAR(10) & "📍 *Morbi*" & CHAR(10) & CHAR(10) & "🧾 *શ્રી " & C68 & " sir*, તમારી ગાડી *" & B68 & "* નું *પાસિંગ (Fitness) તા. " & TEXT(D68,"DD-MM-yyyy") & "* એ પૂરું થાય છે." & CHAR(10) & CHAR(10) & "⚠️ પાસિંગ સમયસર ન કરાવવાથી ઓનલાઇન મેમો આવી શકે છે. કૃપા કરીને પાસિંગ નિયમિત રીતે કરાવજો.પાસિંગ ચાલુ ના હોય તો વીમા ક્લેમ પાસ થતો નથી." & CHAR(10) & CHAR(10) & "✅ અમારી પાસે પાસિંગ, પરમીટ, લાઇસન્સ, નામ ટ્રાન્સફર, વીમો વગેરે RTO ને લગતી તમામ સર્વિસ ઉપલબ્ધ છે. —" & CHAR(10) & "📞 સંપર્ક કરો: " & A68 & " | 8141488962" & CHAR(10) & CHAR(10) & "🏢 *ટોર્ક ઓટો એડવાઇઝર*" & CHAR(10) & "બીજા માળે, જીલ કોમ્પલેક્સ, અયોધ્યાપૂરી રોડ," & CHAR(10) & "જૂના બસ સ્ટેન્ડ પાસે, મોરબી" & CHAR(10) & CHAR(10) & "🌐 www.torqueautoadvisor.com" & CHAR(10) & "✉️ info@torqueautoadvisor.com" & CHAR(10) & CHAR(10) & "GST No. 24ALBPL1123D1ZY" & CHAR(10) & "IRDA Code: 1980390000" & CHAR(10) & "MSME: UDYAM-GJ-32-0014559"& CHAR(10) & CHAR(10) & "📍 Office Location: https://share.google/IdNJCnrf2jFCWten6" -> 💬 *TORQUE AUTO ADVISOR – FITNESS / PASSING REMINDER* 📍 *Morbi* 🧾 *શ્રી AGRAVAT PARTH sir*, તમારી ગાડી *GJ03AV7952* નું *પાસિંગ (Fitness) તા. 09-01-2026* એ પૂરું થાય છે. ⚠️ પાસિંગ સમયસર ન કરાવવાથી ઓનલાઇન મેમો આવી શકે છે. કૃપા કરીને પાસિંગ નિયમિત રીતે કરાવજો.પાસિંગ ચાલુ ના હોય તો વીમા ક્લેમ પાસ થતો નથી. ✅ અમારી પાસે પાસિંગ, પરમીટ, લાઇસન્સ, નામ ટ્રાન્સફર, વીમો વગેરે RTO ને લગતી તમામ સર્વિસ ઉપલબ્ધ છે. — 📞 સંપર્ક કરો: ANJALI-8141489538 | 8141488962 🏢 *ટોર્ક ઓટો એડવાઇઝર* બીજા માળે, જીલ કોમ્પલેક્સ, અયોધ્યાપૂરી રોડ, જૂના બસ સ્ટેન્ડ પાસે, મોરબી 🌐 www.torqueautoadvisor.com ✉️ info@torqueautoadvisor.com GST No. 24ALBPL1123D1ZY IRDA Code: 1980390000 MSME: UDYAM-GJ-32-0014559 📍 Office Location: https://share.google/IdNJCnrf2jFCWten6
A69: ANJALI-8141489538 | B69: GJ11VV4305 | C69: CHIRAGBHAI | D69: 46031 | E69: 2735 | F69: 45566 | G69: 9725935070 | H69: ="💬 *TORQUE AUTO ADVISOR – FITNESS / PASSING REMINDER* " & CHAR(10) & "📍 *Morbi*" & CHAR(10) & CHAR(10) & "🧾 *શ્રી " & C69 & " sir*, તમારી ગાડી *" & B69 & "* નું *પાસિંગ (Fitness) તા. " & TEXT(D69,"DD-MM-yyyy") & "* એ પૂરું થાય છે." & CHAR(10) & CHAR(10) & "⚠️ પાસિંગ સમયસર ન કરાવવાથી ઓનલાઇન મેમો આવી શકે છે. કૃપા કરીને પાસિંગ નિયમિત રીતે કરાવજો.પાસિંગ ચાલુ ના હોય તો વીમા ક્લેમ પાસ થતો નથી." & CHAR(10) & CHAR(10) & "✅ અમારી પાસે પાસિંગ, પરમીટ, લાઇસન્સ, નામ ટ્રાન્સફર, વીમો વગેરે RTO ને લગતી તમામ સર્વિસ ઉપલબ્ધ છે. —" & CHAR(10) & "📞 સંપર્ક કરો: " & A69 & " | 8141488962" & CHAR(10) & CHAR(10) & "🏢 *ટોર્ક ઓટો એડવાઇઝર*" & CHAR(10) & "બીજા માળે, જીલ કોમ્પલેક્સ, અયોધ્યાપૂરી રોડ," & CHAR(10) & "જૂના બસ સ્ટેન્ડ પાસે, મોરબી" & CHAR(10) & CHAR(10) & "🌐 www.torqueautoadvisor.com" & CHAR(10) & "✉️ info@torqueautoadvisor.com" & CHAR(10) & CHAR(10) & "GST No. 24ALBPL1123D1ZY" & CHAR(10) & "IRDA Code: 1980390000" & CHAR(10) & "MSME: UDYAM-GJ-32-0014559"& CHAR(10) & CHAR(10) & "📍 Office Location: https://share.google/IdNJCnrf2jFCWten6" -> 💬 *TORQUE AUTO ADVISOR – FITNESS / PASSING REMINDER* 📍 *Morbi* 🧾 *શ્રી CHIRAGBHAI sir*, તમારી ગાડી *GJ11VV4305* નું *પાસિંગ (Fitness) તા. 09-01-2026* એ પૂરું થાય છે. ⚠️ પાસિંગ સમયસર ન કરાવવાથી ઓનલાઇન મેમો આવી શકે છે. કૃપા કરીને પાસિંગ નિયમિત રીતે કરાવજો.પાસિંગ ચાલુ ના હોય તો વીમા ક્લેમ પાસ થતો નથી. ✅ અમારી પાસે પાસિંગ, પરમીટ, લાઇસન્સ, નામ ટ્રાન્સફર, વીમો વગેરે RTO ને લગતી તમામ સર્વિસ ઉપલબ્ધ છે. — 📞 સંપર્ક કરો: ANJALI-8141489538 | 8141488962 🏢 *ટોર્ક ઓટો એડવાઇઝર* બીજા માળે, જીલ કોમ્પલેક્સ, અયોધ્યાપૂરી રોડ, જૂના બસ સ્ટેન્ડ પાસે, મોરબી 🌐 www.torqueautoadvisor.com ✉️ info@torqueautoadvisor.com GST No. 24ALBPL1123D1ZY IRDA Code: 1980390000 MSME: UDYAM-GJ-32-0014559 📍 Office Location: https://share.google/IdNJCnrf2jFCWten6
A70: ANJALI-8141489538 | B70: GJ36T2550 | C70: NIMESHBHAI | D70: 46031 | E70: 35000 | F70: 42562 | G70: 9825394693 | H70: ="💬 *TORQUE AUTO ADVISOR – FITNESS / PASSING REMINDER* " & CHAR(10) & "📍 *Morbi*" & CHAR(10) & CHAR(10) & "🧾 *શ્રી " & C70 & " sir*, તમારી ગાડી *" & B70 & "* નું *પાસિંગ (Fitness) તા. " & TEXT(D70,"DD-MM-yyyy") & "* એ પૂરું થાય છે." & CHAR(10) & CHAR(10) & "⚠️ પાસિંગ સમયસર ન કરાવવાથી ઓનલાઇન મેમો આવી શકે છે. કૃપા કરીને પાસિંગ નિયમિત રીતે કરાવજો.પાસિંગ ચાલુ ના હોય તો વીમા ક્લેમ પાસ થતો નથી." & CHAR(10) & CHAR(10) & "✅ અમારી પાસે પાસિંગ, પરમીટ, લાઇસન્સ, નામ ટ્રાન્સફર, વીમો વગેરે RTO ને લગતી તમામ સર્વિસ ઉપલબ્ધ છે. —" & CHAR(10) & "📞 સંપર્ક કરો: " & A70 & " | 8141488962" & CHAR(10) & CHAR(10) & "🏢 *ટોર્ક ઓટો એડવાઇઝર*" & CHAR(10) & "બીજા માળે, જીલ કોમ્પલેક્સ, અયોધ્યાપૂરી રોડ," & CHAR(10) & "જૂના બસ સ્ટેન્ડ પાસે, મોરબી" & CHAR(10) & CHAR(10) & "🌐 www.torqueautoadvisor.com" & CHAR(10) & "✉️ info@torqueautoadvisor.com" & CHAR(10) & CHAR(10) & "GST No. 24ALBPL1123D1ZY" & CHAR(10) & "IRDA Code: 1980390000" & CHAR(10) & "MSME: UDYAM-GJ-32-0014559"& CHAR(10) & CHAR(10) & "📍 Office Location: https://share.google/IdNJCnrf2jFCWten6" -> 💬 *TORQUE AUTO ADVISOR – FITNESS / PASSING REMINDER* 📍 *Morbi* 🧾 *શ્રી NIMESHBHAI sir*, તમારી ગાડી *GJ36T2550* નું *પાસિંગ (Fitness) તા. 09-01-2026* એ પૂરું થાય છે. ⚠️ પાસિંગ સમયસર ન કરાવવાથી ઓનલાઇન મેમો આવી શકે છે. કૃપા કરીને પાસિંગ નિયમિત રીતે કરાવજો.પાસિંગ ચાલુ ના હોય તો વીમા ક્લેમ પાસ થતો નથી. ✅ અમારી પાસે પાસિંગ, પરમીટ, લાઇસન્સ, નામ ટ્રાન્સફર, વીમો વગેરે RTO ને લગતી તમામ સર્વિસ ઉપલબ્ધ છે. — 📞 સંપર્ક કરો: ANJALI-8141489538 | 8141488962 🏢 *ટોર્ક ઓટો એડવાઇઝર* બીજા માળે, જીલ કોમ્પલેક્સ, અયોધ્યાપૂરી રોડ, જૂના બસ સ્ટેન્ડ પાસે, મોરબી 🌐 www.torqueautoadvisor.com ✉️ info@torqueautoadvisor.com GST No. 24ALBPL1123D1ZY IRDA Code: 1980390000 MSME: UDYAM-GJ-32-0014559 📍 Office Location: https://share.google/IdNJCnrf2jFCWten6
A71: ANJALI-8141489538 | B71: GJ36U3087 | C71: DILIPBHAI | D71: 46031 | E71: 806 | F71: 43257 | G71: 9974669205 | H71: ="💬 *TORQUE AUTO ADVISOR – FITNESS / PASSING REMINDER* " & CHAR(10) & "📍 *Morbi*" & CHAR(10) & CHAR(10) & "🧾 *શ્રી " & C71 & " sir*, તમારી ગાડી *" & B71 & "* નું *પાસિંગ (Fitness) તા. " & TEXT(D71,"DD-MM-yyyy") & "* એ પૂરું થાય છે." & CHAR(10) & CHAR(10) & "⚠️ પાસિંગ સમયસર ન કરાવવાથી ઓનલાઇન મેમો આવી શકે છે. કૃપા કરીને પાસિંગ નિયમિત રીતે કરાવજો.પાસિંગ ચાલુ ના હોય તો વીમા ક્લેમ પાસ થતો નથી." & CHAR(10) & CHAR(10) & "✅ અમારી પાસે પાસિંગ, પરમીટ, લાઇસન્સ, નામ ટ્રાન્સફર, વીમો વગેરે RTO ને લગતી તમામ સર્વિસ ઉપલબ્ધ છે. —" & CHAR(10) & "📞 સંપર્ક કરો: " & A71 & " | 8141488962" & CHAR(10) & CHAR(10) & "🏢 *ટોર્ક ઓટો એડવાઇઝર*" & CHAR(10) & "બીજા માળે, જીલ કોમ્પલેક્સ, અયોધ્યાપૂરી રોડ," & CHAR(10) & "જૂના બસ સ્ટેન્ડ પાસે, મોરબી" & CHAR(10) & CHAR(10) & "🌐 www.torqueautoadvisor.com" & CHAR(10) & "✉️ info@torqueautoadvisor.com" & CHAR(10) & CHAR(10) & "GST No. 24ALBPL1123D1ZY" & CHAR(10) & "IRDA Code: 1980390000" & CHAR(10) & "MSME: UDYAM-GJ-32-0014559"& CHAR(10) & CHAR(10) & "📍 Office Location: https://share.google/IdNJCnrf2jFCWten6" -> 💬 *TORQUE AUTO ADVISOR – FITNESS / PASSING REMINDER* 📍 *Morbi* 🧾 *શ્રી DILIPBHAI sir*, તમારી ગાડી *GJ36U3087* નું *પાસિંગ (Fitness) તા. 09-01-2026* એ પૂરું થાય છે. ⚠️ પાસિંગ સમયસર ન કરાવવાથી ઓનલાઇન મેમો આવી શકે છે. કૃપા કરીને પાસિંગ નિયમિત રીતે કરાવજો.પાસિંગ ચાલુ ના હોય તો વીમા ક્લેમ પાસ થતો નથી. ✅ અમારી પાસે પાસિંગ, પરમીટ, લાઇસન્સ, નામ ટ્રાન્સફર, વીમો વગેરે RTO ને લગતી તમામ સર્વિસ ઉપલબ્ધ છે. — 📞 સંપર્ક કરો: ANJALI-8141489538 | 8141488962 🏢 *ટોર્ક ઓટો એડવાઇઝર* બીજા માળે, જીલ કોમ્પલેક્સ, અયોધ્યાપૂરી રોડ, જૂના બસ સ્ટેન્ડ પાસે, મોરબી 🌐 www.torqueautoadvisor.com ✉️ info@torqueautoadvisor.com GST No. 24ALBPL1123D1ZY IRDA Code: 1980390000 MSME: UDYAM-GJ-32-0014559 📍 Office Location: https://share.google/IdNJCnrf2jFCWten6
A72: ANJALI-8141489538 | B72: GJ36T7028 | C72: CHAUHAN RONAK | D72: 46032 | E72: 2670 | F72: 24/10/19 | G72: 6355815169 | H72: ="💬 *TORQUE AUTO ADVISOR – FITNESS / PASSING REMINDER* " & CHAR(10) & "📍 *Morbi*" & CHAR(10) & CHAR(10) & "🧾 *શ્રી " & C72 & " sir*, તમારી ગાડી *" & B72 & "* નું *પાસિંગ (Fitness) તા. " & TEXT(D72,"DD-MM-yyyy") & "* એ પૂરું થાય છે." & CHAR(10) & CHAR(10) & "⚠️ પાસિંગ સમયસર ન કરાવવાથી ઓનલાઇન મેમો આવી શકે છે. કૃપા કરીને પાસિંગ નિયમિત રીતે કરાવજો.પાસિંગ ચાલુ ના હોય તો વીમા ક્લેમ પાસ થતો નથી." & CHAR(10) & CHAR(10) & "✅ અમારી પાસે પાસિંગ, પરમીટ, લાઇસન્સ, નામ ટ્રાન્સફર, વીમો વગેરે RTO ને લગતી તમામ સર્વિસ ઉપલબ્ધ છે. —" & CHAR(10) & "📞 સંપર્ક કરો: " & A72 & " | 8141488962" & CHAR(10) & CHAR(10) & "🏢 *ટોર્ક ઓટો એડવાઇઝર*" & CHAR(10) & "બીજા માળે, જીલ કોમ્પલેક્સ, અયોધ્યાપૂરી રોડ," & CHAR(10) & "જૂના બસ સ્ટેન્ડ પાસે, મોરબી" & CHAR(10) & CHAR(10) & "🌐 www.torqueautoadvisor.com" & CHAR(10) & "✉️ info@torqueautoadvisor.com" & CHAR(10) & CHAR(10) & "GST No. 24ALBPL1123D1ZY" & CHAR(10) & "IRDA Code: 1980390000" & CHAR(10) & "MSME: UDYAM-GJ-32-0014559"& CHAR(10) & CHAR(10) & "📍 Office Location: https://share.google/IdNJCnrf2jFCWten6" -> 💬 *TORQUE AUTO ADVISOR – FITNESS / PASSING REMINDER* 📍 *Morbi* 🧾 *શ્રી CHAUHAN RONAK sir*, તમારી ગાડી *GJ36T7028* નું *પાસિંગ (Fitness) તા. 10-01-2026* એ પૂરું થાય છે. ⚠️ પાસિંગ સમયસર ન કરાવવાથી ઓનલાઇન મેમો આવી શકે છે. કૃપા કરીને પાસિંગ નિયમિત રીતે કરાવજો.પાસિંગ ચાલુ ના હોય તો વીમા ક્લેમ પાસ થતો નથી. ✅ અમારી પાસે પાસિંગ, પરમીટ, લાઇસન્સ, નામ ટ્રાન્સફર, વીમો વગેરે RTO ને લગતી તમામ સર્વિસ ઉપલબ્ધ છે. — 📞 સંપર્ક કરો: ANJALI-8141489538 | 8141488962 🏢 *ટોર્ક ઓટો એડવાઇઝર* બીજા માળે, જીલ કોમ્પલેક્સ, અયોધ્યાપૂરી રોડ, જૂના બસ સ્ટેન્ડ પાસે, મોરબી 🌐 www.torqueautoadvisor.com ✉️ info@torqueautoadvisor.com GST No. 24ALBPL1123D1ZY IRDA Code: 1980390000 MSME: UDYAM-GJ-32-0014559 📍 Office Location: https://share.google/IdNJCnrf2jFCWten6
A73: ANJALI-8141489538 | B73: GJ03AW4726 | C73: DEVRAJBHAI | D73: 46032 | E73: 35000 | F73: 24/10/11 | G73: 7878103434 | H73: ="💬 *TORQUE AUTO ADVISOR – FITNESS / PASSING REMINDER* " & CHAR(10) & "📍 *Morbi*" & CHAR(10) & CHAR(10) & "🧾 *શ્રી " & C73 & " sir*, તમારી ગાડી *" & B73 & "* નું *પાસિંગ (Fitness) તા. " & TEXT(D73,"DD-MM-yyyy") & "* એ પૂરું થાય છે." & CHAR(10) & CHAR(10) & "⚠️ પાસિંગ સમયસર ન કરાવવાથી ઓનલાઇન મેમો આવી શકે છે. કૃપા કરીને પાસિંગ નિયમિત રીતે કરાવજો.પાસિંગ ચાલુ ના હોય તો વીમા ક્લેમ પાસ થતો નથી." & CHAR(10) & CHAR(10) & "✅ અમારી પાસે પાસિંગ, પરમીટ, લાઇસન્સ, નામ ટ્રાન્સફર, વીમો વગેરે RTO ને લગતી તમામ સર્વિસ ઉપલબ્ધ છે. —" & CHAR(10) & "📞 સંપર્ક કરો: " & A73 & " | 8141488962" & CHAR(10) & CHAR(10) & "🏢 *ટોર્ક ઓટો એડવાઇઝર*" & CHAR(10) & "બીજા માળે, જીલ કોમ્પલેક્સ, અયોધ્યાપૂરી રોડ," & CHAR(10) & "જૂના બસ સ્ટેન્ડ પાસે, મોરબી" & CHAR(10) & CHAR(10) & "🌐 www.torqueautoadvisor.com" & CHAR(10) & "✉️ info@torqueautoadvisor.com" & CHAR(10) & CHAR(10) & "GST No. 24ALBPL1123D1ZY" & CHAR(10) & "IRDA Code: 1980390000" & CHAR(10) & "MSME: UDYAM-GJ-32-0014559"& CHAR(10) & CHAR(10) & "📍 Office Location: https://share.google/IdNJCnrf2jFCWten6" -> 💬 *TORQUE AUTO ADVISOR – FITNESS / PASSING REMINDER* 📍 *Morbi* 🧾 *શ્રી DEVRAJBHAI sir*, તમારી ગાડી *GJ03AW4726* નું *પાસિંગ (Fitness) તા. 10-01-2026* એ પૂરું થાય છે. ⚠️ પાસિંગ સમયસર ન કરાવવાથી ઓનલાઇન મેમો આવી શકે છે. કૃપા કરીને પાસિંગ નિયમિત રીતે કરાવજો.પાસિંગ ચાલુ ના હોય તો વીમા ક્લેમ પાસ થતો નથી. ✅ અમારી પાસે પાસિંગ, પરમીટ, લાઇસન્સ, નામ ટ્રાન્સફર, વીમો વગેરે RTO ને લગતી તમામ સર્વિસ ઉપલબ્ધ છે. — 📞 સંપર્ક કરો: ANJALI-8141489538 | 8141488962 🏢 *ટોર્ક ઓટો એડવાઇઝર* બીજા માળે, જીલ કોમ્પલેક્સ, અયોધ્યાપૂરી રોડ, જૂના બસ સ્ટેન્ડ પાસે, મોરબી 🌐 www.torqueautoadvisor.com ✉️ info@torqueautoadvisor.com GST No. 24ALBPL1123D1ZY IRDA Code: 1980390000 MSME: UDYAM-GJ-32-0014559 📍 Office Location: https://share.google/IdNJCnrf2jFCWten6
A74: ANJALI-8141489538 | B74: GJ36T6661 | C74: GIRISH | D74: 46032 | E74: 55000 | F74: 43346 | G74: 8905551876 | H74: ="💬 *TORQUE AUTO ADVISOR – FITNESS / PASSING REMINDER* " & CHAR(10) & "📍 *Morbi*" & CHAR(10) & CHAR(10) & "🧾 *શ્રી " & C74 & " sir*, તમારી ગાડી *" & B74 & "* નું *પાસિંગ (Fitness) તા. " & TEXT(D74,"DD-MM-yyyy") & "* એ પૂરું થાય છે." & CHAR(10) & CHAR(10) & "⚠️ પાસિંગ સમયસર ન કરાવવાથી ઓનલાઇન મેમો આવી શકે છે. કૃપા કરીને પાસિંગ નિયમિત રીતે કરાવજો.પાસિંગ ચાલુ ના હોય તો વીમા ક્લેમ પાસ થતો નથી." & CHAR(10) & CHAR(10) & "✅ અમારી પાસે પાસિંગ, પરમીટ, લાઇસન્સ, નામ ટ્રાન્સફર, વીમો વગેરે RTO ને લગતી તમામ સર્વિસ ઉપલબ્ધ છે. —" & CHAR(10) & "📞 સંપર્ક કરો: " & A74 & " | 8141488962" & CHAR(10) & CHAR(10) & "🏢 *ટોર્ક ઓટો એડવાઇઝર*" & CHAR(10) & "બીજા માળે, જીલ કોમ્પલેક્સ, અયોધ્યાપૂરી રોડ," & CHAR(10) & "જૂના બસ સ્ટેન્ડ પાસે, મોરબી" & CHAR(10) & CHAR(10) & "🌐 www.torqueautoadvisor.com" & CHAR(10) & "✉️ info@torqueautoadvisor.com" & CHAR(10) & CHAR(10) & "GST No. 24ALBPL1123D1ZY" & CHAR(10) & "IRDA Code: 1980390000" & CHAR(10) & "MSME: UDYAM-GJ-32-0014559"& CHAR(10) & CHAR(10) & "📍 Office Location: https://share.google/IdNJCnrf2jFCWten6" -> 💬 *TORQUE AUTO ADVISOR – FITNESS / PASSING REMINDER* 📍 *Morbi* 🧾 *શ્રી GIRISH sir*, તમારી ગાડી *GJ36T6661* નું *પાસિંગ (Fitness) તા. 10-01-2026* એ પૂરું થાય છે. ⚠️ પાસિંગ સમયસર ન કરાવવાથી ઓનલાઇન મેમો આવી શકે છે. કૃપા કરીને પાસિંગ નિયમિત રીતે કરાવજો.પાસિંગ ચાલુ ના હોય તો વીમા ક્લેમ પાસ થતો નથી. ✅ અમારી પાસે પાસિંગ, પરમીટ, લાઇસન્સ, નામ ટ્રાન્સફર, વીમો વગેરે RTO ને લગતી તમામ સર્વિસ ઉપલબ્ધ છે. — 📞 સંપર્ક કરો: ANJALI-8141489538 | 8141488962 🏢 *ટોર્ક ઓટો એડવાઇઝર* બીજા માળે, જીલ કોમ્પલેક્સ, અયોધ્યાપૂરી રોડ, જૂના બસ સ્ટેન્ડ પાસે, મોરબી 🌐 www.torqueautoadvisor.com ✉️ info@torqueautoadvisor.com GST No. 24ALBPL1123D1ZY IRDA Code: 1980390000 MSME: UDYAM-GJ-32-0014559 📍 Office Location: https://share.google/IdNJCnrf2jFCWten6
A75: ANJALI-8141489538 | B75: GJ36W1313 | C75: KAMLESHBHAI BAMBHAVA | D75: 46032 | E75: 818 | F75: 45597 | G75: 9265633822 | H75: ="💬 *TORQUE AUTO ADVISOR – FITNESS / PASSING REMINDER* " & CHAR(10) & "📍 *Morbi*" & CHAR(10) & CHAR(10) & "🧾 *શ્રી " & C75 & " sir*, તમારી ગાડી *" & B75 & "* નું *પાસિંગ (Fitness) તા. " & TEXT(D75,"DD-MM-yyyy") & "* એ પૂરું થાય છે." & CHAR(10) & CHAR(10) & "⚠️ પાસિંગ સમયસર ન કરાવવાથી ઓનલાઇન મેમો આવી શકે છે. કૃપા કરીને પાસિંગ નિયમિત રીતે કરાવજો.પાસિંગ ચાલુ ના હોય તો વીમા ક્લેમ પાસ થતો નથી." & CHAR(10) & CHAR(10) & "✅ અમારી પાસે પાસિંગ, પરમીટ, લાઇસન્સ, નામ ટ્રાન્સફર, વીમો વગેરે RTO ને લગતી તમામ સર્વિસ ઉપલબ્ધ છે. —" & CHAR(10) & "📞 સંપર્ક કરો: " & A75 & " | 8141488962" & CHAR(10) & CHAR(10) & "🏢 *ટોર્ક ઓટો એડવાઇઝર*" & CHAR(10) & "બીજા માળે, જીલ કોમ્પલેક્સ, અયોધ્યાપૂરી રોડ," & CHAR(10) & "જૂના બસ સ્ટેન્ડ પાસે, મોરબી" & CHAR(10) & CHAR(10) & "🌐 www.torqueautoadvisor.com" & CHAR(10) & "✉️ info@torqueautoadvisor.com" & CHAR(10) & CHAR(10) & "GST No. 24ALBPL1123D1ZY" & CHAR(10) & "IRDA Code: 1980390000" & CHAR(10) & "MSME: UDYAM-GJ-32-0014559"& CHAR(10) & CHAR(10) & "📍 Office Location: https://share.google/IdNJCnrf2jFCWten6" -> 💬 *TORQUE AUTO ADVISOR – FITNESS / PASSING REMINDER* 📍 *Morbi* 🧾 *શ્રી KAMLESHBHAI BAMBHAVA sir*, તમારી ગાડી *GJ36W1313* નું *પાસિંગ (Fitness) તા. 10-01-2026* એ પૂરું થાય છે. ⚠️ પાસિંગ સમયસર ન કરાવવાથી ઓનલાઇન મેમો આવી શકે છે. કૃપા કરીને પાસિંગ નિયમિત રીતે કરાવજો.પાસિંગ ચાલુ ના હોય તો વીમા ક્લેમ પાસ થતો નથી. ✅ અમારી પાસે પાસિંગ, પરમીટ, લાઇસન્સ, નામ ટ્રાન્સફર, વીમો વગેરે RTO ને લગતી તમામ સર્વિસ ઉપલબ્ધ છે. — 📞 સંપર્ક કરો: ANJALI-8141489538 | 8141488962 🏢 *ટોર્ક ઓટો એડવાઇઝર* બીજા માળે, જીલ કોમ્પલેક્સ, અયોધ્યાપૂરી રોડ, જૂના બસ સ્ટેન્ડ પાસે, મોરબી 🌐 www.torqueautoadvisor.com ✉️ info@torqueautoadvisor.com GST No. 24ALBPL1123D1ZY IRDA Code: 1980390000 MSME: UDYAM-GJ-32-0014559 📍 Office Location: https://share.google/IdNJCnrf2jFCWten6
A76: ANJALI-8141489538 | B76: GJ36T7103 | C76: DEVABHAI HUN | D76: 46032 | E76: 47500 | F76: 13/09/19 | G76: 9723247581 | H76: ="💬 *TORQUE AUTO ADVISOR – FITNESS / PASSING REMINDER* " & CHAR(10) & "📍 *Morbi*" & CHAR(10) & CHAR(10) & "🧾 *શ્રી " & C76 & " sir*, તમારી ગાડી *" & B76 & "* નું *પાસિંગ (Fitness) તા. " & TEXT(D76,"DD-MM-yyyy") & "* એ પૂરું થાય છે." & CHAR(10) & CHAR(10) & "⚠️ પાસિંગ સમયસર ન કરાવવાથી ઓનલાઇન મેમો આવી શકે છે. કૃપા કરીને પાસિંગ નિયમિત રીતે કરાવજો.પાસિંગ ચાલુ ના હોય તો વીમા ક્લેમ પાસ થતો નથી." & CHAR(10) & CHAR(10) & "✅ અમારી પાસે પાસિંગ, પરમીટ, લાઇસન્સ, નામ ટ્રાન્સફર, વીમો વગેરે RTO ને લગતી તમામ સર્વિસ ઉપલબ્ધ છે. —" & CHAR(10) & "📞 સંપર્ક કરો: " & A76 & " | 8141488962" & CHAR(10) & CHAR(10) & "🏢 *ટોર્ક ઓટો એડવાઇઝર*" & CHAR(10) & "બીજા માળે, જીલ કોમ્પલેક્સ, અયોધ્યાપૂરી રોડ," & CHAR(10) & "જૂના બસ સ્ટેન્ડ પાસે, મોરબી" & CHAR(10) & CHAR(10) & "🌐 www.torqueautoadvisor.com" & CHAR(10) & "✉️ info@torqueautoadvisor.com" & CHAR(10) & CHAR(10) & "GST No. 24ALBPL1123D1ZY" & CHAR(10) & "IRDA Code: 1980390000" & CHAR(10) & "MSME: UDYAM-GJ-32-0014559"& CHAR(10) & CHAR(10) & "📍 Office Location: https://share.google/IdNJCnrf2jFCWten6" -> 💬 *TORQUE AUTO ADVISOR – FITNESS / PASSING REMINDER* 📍 *Morbi* 🧾 *શ્રી DEVABHAI HUN sir*, તમારી ગાડી *GJ36T7103* નું *પાસિંગ (Fitness) તા. 10-01-2026* એ પૂરું થાય છે. ⚠️ પાસિંગ સમયસર ન કરાવવાથી ઓનલાઇન મેમો આવી શકે છે. કૃપા કરીને પાસિંગ નિયમિત રીતે કરાવજો.પાસિંગ ચાલુ ના હોય તો વીમા ક્લેમ પાસ થતો નથી. ✅ અમારી પાસે પાસિંગ, પરમીટ, લાઇસન્સ, નામ ટ્રાન્સફર, વીમો વગેરે RTO ને લગતી તમામ સર્વિસ ઉપલબ્ધ છે. — 📞 સંપર્ક કરો: ANJALI-8141489538 | 8141488962 🏢 *ટોર્ક ઓટો એડવાઇઝર* બીજા માળે, જીલ કોમ્પલેક્સ, અયોધ્યાપૂરી રોડ, જૂના બસ સ્ટેન્ડ પાસે, મોરબી 🌐 www.torqueautoadvisor.com ✉️ info@torqueautoadvisor.com GST No. 24ALBPL1123D1ZY IRDA Code: 1980390000 MSME: UDYAM-GJ-32-0014559 📍 Office Location: https://share.google/IdNJCnrf2jFCWten6
A77: ANJALI-8141489538 | B77: GJ36U0119 | C77: SOMABHAI | D77: 46032 | E77: 715 | F77: 25/04/16 | G77: 9727630494 | H77: ="💬 *TORQUE AUTO ADVISOR – FITNESS / PASSING REMINDER* " & CHAR(10) & "📍 *Morbi*" & CHAR(10) & CHAR(10) & "🧾 *શ્રી " & C77 & " sir*, તમારી ગાડી *" & B77 & "* નું *પાસિંગ (Fitness) તા. " & TEXT(D77,"DD-MM-yyyy") & "* એ પૂરું થાય છે." & CHAR(10) & CHAR(10) & "⚠️ પાસિંગ સમયસર ન કરાવવાથી ઓનલાઇન મેમો આવી શકે છે. કૃપા કરીને પાસિંગ નિયમિત રીતે કરાવજો.પાસિંગ ચાલુ ના હોય તો વીમા ક્લેમ પાસ થતો નથી." & CHAR(10) & CHAR(10) & "✅ અમારી પાસે પાસિંગ, પરમીટ, લાઇસન્સ, નામ ટ્રાન્સફર, વીમો વગેરે RTO ને લગતી તમામ સર્વિસ ઉપલબ્ધ છે. —" & CHAR(10) & "📞 સંપર્ક કરો: " & A77 & " | 8141488962" & CHAR(10) & CHAR(10) & "🏢 *ટોર્ક ઓટો એડવાઇઝર*" & CHAR(10) & "બીજા માળે, જીલ કોમ્પલેક્સ, અયોધ્યાપૂરી રોડ," & CHAR(10) & "જૂના બસ સ્ટેન્ડ પાસે, મોરબી" & CHAR(10) & CHAR(10) & "🌐 www.torqueautoadvisor.com" & CHAR(10) & "✉️ info@torqueautoadvisor.com" & CHAR(10) & CHAR(10) & "GST No. 24ALBPL1123D1ZY" & CHAR(10) & "IRDA Code: 1980390000" & CHAR(10) & "MSME: UDYAM-GJ-32-0014559"& CHAR(10) & CHAR(10) & "📍 Office Location: https://share.google/IdNJCnrf2jFCWten6" -> 💬 *TORQUE AUTO ADVISOR – FITNESS / PASSING REMINDER* 📍 *Morbi* 🧾 *શ્રી SOMABHAI sir*, તમારી ગાડી *GJ36U0119* નું *પાસિંગ (Fitness) તા. 10-01-2026* એ પૂરું થાય છે. ⚠️ પાસિંગ સમયસર ન કરાવવાથી ઓનલાઇન મેમો આવી શકે છે. કૃપા કરીને પાસિંગ નિયમિત રીતે કરાવજો.પાસિંગ ચાલુ ના હોય તો વીમા ક્લેમ પાસ થતો નથી. ✅ અમારી પાસે પાસિંગ, પરમીટ, લાઇસન્સ, નામ ટ્રાન્સફર, વીમો વગેરે RTO ને લગતી તમામ સર્વિસ ઉપલબ્ધ છે. — 📞 સંપર્ક કરો: ANJALI-8141489538 | 8141488962 🏢 *ટોર્ક ઓટો એડવાઇઝર* બીજા માળે, જીલ કોમ્પલેક્સ, અયોધ્યાપૂરી રોડ, જૂના બસ સ્ટેન્ડ પાસે, મોરબી 🌐 www.torqueautoadvisor.com ✉️ info@torqueautoadvisor.com GST No. 24ALBPL1123D1ZY IRDA Code: 1980390000 MSME: UDYAM-GJ-32-0014559 📍 Office Location: https://share.google/IdNJCnrf2jFCWten6
A78: ANJALI-8141489538 | B78: GJ36V6207 | C78: BHARATBHAI DUDABHAI JIJARIA | D78: 46032 | E78: 1600 | F78: 45597 | G78: 9904310430 | H78: ="💬 *TORQUE AUTO ADVISOR – FITNESS / PASSING REMINDER* " & CHAR(10) & "📍 *Morbi*" & CHAR(10) & CHAR(10) & "🧾 *શ્રી " & C78 & " sir*, તમારી ગાડી *" & B78 & "* નું *પાસિંગ (Fitness) તા. " & TEXT(D78,"DD-MM-yyyy") & "* એ પૂરું થાય છે." & CHAR(10) & CHAR(10) & "⚠️ પાસિંગ સમયસર ન કરાવવાથી ઓનલાઇન મેમો આવી શકે છે. કૃપા કરીને પાસિંગ નિયમિત રીતે કરાવજો.પાસિંગ ચાલુ ના હોય તો વીમા ક્લેમ પાસ થતો નથી." & CHAR(10) & CHAR(10) & "✅ અમારી પાસે પાસિંગ, પરમીટ, લાઇસન્સ, નામ ટ્રાન્સફર, વીમો વગેરે RTO ને લગતી તમામ સર્વિસ ઉપલબ્ધ છે. —" & CHAR(10) & "📞 સંપર્ક કરો: " & A78 & " | 8141488962" & CHAR(10) & CHAR(10) & "🏢 *ટોર્ક ઓટો એડવાઇઝર*" & CHAR(10) & "બીજા માળે, જીલ કોમ્પલેક્સ, અયોધ્યાપૂરી રોડ," & CHAR(10) & "જૂના બસ સ્ટેન્ડ પાસે, મોરબી" & CHAR(10) & CHAR(10) & "🌐 www.torqueautoadvisor.com" & CHAR(10) & "✉️ info@torqueautoadvisor.com" & CHAR(10) & CHAR(10) & "GST No. 24ALBPL1123D1ZY" & CHAR(10) & "IRDA Code: 1980390000" & CHAR(10) & "MSME: UDYAM-GJ-32-0014559"& CHAR(10) & CHAR(10) & "📍 Office Location: https://share.google/IdNJCnrf2jFCWten6" -> 💬 *TORQUE AUTO ADVISOR – FITNESS / PASSING REMINDER* 📍 *Morbi* 🧾 *શ્રી BHARATBHAI DUDABHAI JIJARIA sir*, તમારી ગાડી *GJ36V6207* નું *પાસિંગ (Fitness) તા. 10-01-2026* એ પૂરું થાય છે. ⚠️ પાસિંગ સમયસર ન કરાવવાથી ઓનલાઇન મેમો આવી શકે છે. કૃપા કરીને પાસિંગ નિયમિત રીતે કરાવજો.પાસિંગ ચાલુ ના હોય તો વીમા ક્લેમ પાસ થતો નથી. ✅ અમારી પાસે પાસિંગ, પરમીટ, લાઇસન્સ, નામ ટ્રાન્સફર, વીમો વગેરે RTO ને લગતી તમામ સર્વિસ ઉપલબ્ધ છે. — 📞 સંપર્ક કરો: ANJALI-8141489538 | 8141488962 🏢 *ટોર્ક ઓટો એડવાઇઝર* બીજા માળે, જીલ કોમ્પલેક્સ, અયોધ્યાપૂરી રોડ, જૂના બસ સ્ટેન્ડ પાસે, મોરબી 🌐 www.torqueautoadvisor.com ✉️ info@torqueautoadvisor.com GST No. 24ALBPL1123D1ZY IRDA Code: 1980390000 MSME: UDYAM-GJ-32-0014559 📍 Office Location: https://share.google/IdNJCnrf2jFCWten6
A79: ANJALI-8141489538 | B79: GJ36X7439 | C79: MAHESHBHAI SAVSETA | D79: 46032 | E79: 35000 | F79: 45597 | G79: 9978504489 | H79: ="💬 *TORQUE AUTO ADVISOR – FITNESS / PASSING REMINDER* " & CHAR(10) & "📍 *Morbi*" & CHAR(10) & CHAR(10) & "🧾 *શ્રી " & C79 & " sir*, તમારી ગાડી *" & B79 & "* નું *પાસિંગ (Fitness) તા. " & TEXT(D79,"DD-MM-yyyy") & "* એ પૂરું થાય છે." & CHAR(10) & CHAR(10) & "⚠️ પાસિંગ સમયસર ન કરાવવાથી ઓનલાઇન મેમો આવી શકે છે. કૃપા કરીને પાસિંગ નિયમિત રીતે કરાવજો.પાસિંગ ચાલુ ના હોય તો વીમા ક્લેમ પાસ થતો નથી." & CHAR(10) & CHAR(10) & "✅ અમારી પાસે પાસિંગ, પરમીટ, લાઇસન્સ, નામ ટ્રાન્સફર, વીમો વગેરે RTO ને લગતી તમામ સર્વિસ ઉપલબ્ધ છે. —" & CHAR(10) & "📞 સંપર્ક કરો: " & A79 & " | 8141488962" & CHAR(10) & CHAR(10) & "🏢 *ટોર્ક ઓટો એડવાઇઝર*" & CHAR(10) & "બીજા માળે, જીલ કોમ્પલેક્સ, અયોધ્યાપૂરી રોડ," & CHAR(10) & "જૂના બસ સ્ટેન્ડ પાસે, મોરબી" & CHAR(10) & CHAR(10) & "🌐 www.torqueautoadvisor.com" & CHAR(10) & "✉️ info@torqueautoadvisor.com" & CHAR(10) & CHAR(10) & "GST No. 24ALBPL1123D1ZY" & CHAR(10) & "IRDA Code: 1980390000" & CHAR(10) & "MSME: UDYAM-GJ-32-0014559"& CHAR(10) & CHAR(10) & "📍 Office Location: https://share.google/IdNJCnrf2jFCWten6" -> 💬 *TORQUE AUTO ADVISOR – FITNESS / PASSING REMINDER* 📍 *Morbi* 🧾 *શ્રી MAHESHBHAI SAVSETA sir*, તમારી ગાડી *GJ36X7439* નું *પાસિંગ (Fitness) તા. 10-01-2026* એ પૂરું થાય છે. ⚠️ પાસિંગ સમયસર ન કરાવવાથી ઓનલાઇન મેમો આવી શકે છે. કૃપા કરીને પાસિંગ નિયમિત રીતે કરાવજો.પાસિંગ ચાલુ ના હોય તો વીમા ક્લેમ પાસ થતો નથી. ✅ અમારી પાસે પાસિંગ, પરમીટ, લાઇસન્સ, નામ ટ્રાન્સફર, વીમો વગેરે RTO ને લગતી તમામ સર્વિસ ઉપલબ્ધ છે. — 📞 સંપર્ક કરો: ANJALI-8141489538 | 8141488962 🏢 *ટોર્ક ઓટો એડવાઇઝર* બીજા માળે, જીલ કોમ્પલેક્સ, અયોધ્યાપૂરી રોડ, જૂના બસ સ્ટેન્ડ પાસે, મોરબી 🌐 www.torqueautoadvisor.com ✉️ info@torqueautoadvisor.com GST No. 24ALBPL1123D1ZY IRDA Code: 1980390000 MSME: UDYAM-GJ-32-0014559 📍 Office Location: https://share.google/IdNJCnrf2jFCWten6
A80: ANJALI-8141489538 | B80: GJ36W1112 | C80: MANSUKH RATHOD | D80: 46033 | E80: 818 | F80: 45627 | G80: 6354071388 | H80: ="💬 *TORQUE AUTO ADVISOR – FITNESS / PASSING REMINDER* " & CHAR(10) & "📍 *Morbi*" & CHAR(10) & CHAR(10) & "🧾 *શ્રી " & C80 & " sir*, તમારી ગાડી *" & B80 & "* નું *પાસિંગ (Fitness) તા. " & TEXT(D80,"DD-MM-yyyy") & "* એ પૂરું થાય છે." & CHAR(10) & CHAR(10) & "⚠️ પાસિંગ સમયસર ન કરાવવાથી ઓનલાઇન મેમો આવી શકે છે. કૃપા કરીને પાસિંગ નિયમિત રીતે કરાવજો.પાસિંગ ચાલુ ના હોય તો વીમા ક્લેમ પાસ થતો નથી." & CHAR(10) & CHAR(10) & "✅ અમારી પાસે પાસિંગ, પરમીટ, લાઇસન્સ, નામ ટ્રાન્સફર, વીમો વગેરે RTO ને લગતી તમામ સર્વિસ ઉપલબ્ધ છે. —" & CHAR(10) & "📞 સંપર્ક કરો: " & A80 & " | 8141488962" & CHAR(10) & CHAR(10) & "🏢 *ટોર્ક ઓટો એડવાઇઝર*" & CHAR(10) & "બીજા માળે, જીલ કોમ્પલેક્સ, અયોધ્યાપૂરી રોડ," & CHAR(10) & "જૂના બસ સ્ટેન્ડ પાસે, મોરબી" & CHAR(10) & CHAR(10) & "🌐 www.torqueautoadvisor.com" & CHAR(10) & "✉️ info@torqueautoadvisor.com" & CHAR(10) & CHAR(10) & "GST No. 24ALBPL1123D1ZY" & CHAR(10) & "IRDA Code: 1980390000" & CHAR(10) & "MSME: UDYAM-GJ-32-0014559"& CHAR(10) & CHAR(10) & "📍 Office Location: https://share.google/IdNJCnrf2jFCWten6" -> 💬 *TORQUE AUTO ADVISOR – FITNESS / PASSING REMINDER* 📍 *Morbi* 🧾 *શ્રી MANSUKH RATHOD sir*, તમારી ગાડી *GJ36W1112* નું *પાસિંગ (Fitness) તા. 11-01-2026* એ પૂરું થાય છે. ⚠️ પાસિંગ સમયસર ન કરાવવાથી ઓનલાઇન મેમો આવી શકે છે. કૃપા કરીને પાસિંગ નિયમિત રીતે કરાવજો.પાસિંગ ચાલુ ના હોય તો વીમા ક્લેમ પાસ થતો નથી. ✅ અમારી પાસે પાસિંગ, પરમીટ, લાઇસન્સ, નામ ટ્રાન્સફર, વીમો વગેરે RTO ને લગતી તમામ સર્વિસ ઉપલબ્ધ છે. — 📞 સંપર્ક કરો: ANJALI-8141489538 | 8141488962 🏢 *ટોર્ક ઓટો એડવાઇઝર* બીજા માળે, જીલ કોમ્પલેક્સ, અયોધ્યાપૂરી રોડ, જૂના બસ સ્ટેન્ડ પાસે, મોરબી 🌐 www.torqueautoadvisor.com ✉️ info@torqueautoadvisor.com GST No. 24ALBPL1123D1ZY IRDA Code: 1980390000 MSME: UDYAM-GJ-32-0014559 📍 Office Location: https://share.google/IdNJCnrf2jFCWten6
A81: ANJALI-8141489538 | B81: GJ36W1122 | C81: BHIKHABHAI NADIYA | D81: 46033 | E81: 818 | F81: 45627 | G81: 9016261459 | H81: ="💬 *TORQUE AUTO ADVISOR – FITNESS / PASSING REMINDER* " & CHAR(10) & "📍 *Morbi*" & CHAR(10) & CHAR(10) & "🧾 *શ્રી " & C81 & " sir*, તમારી ગાડી *" & B81 & "* નું *પાસિંગ (Fitness) તા. " & TEXT(D81,"DD-MM-yyyy") & "* એ પૂરું થાય છે." & CHAR(10) & CHAR(10) & "⚠️ પાસિંગ સમયસર ન કરાવવાથી ઓનલાઇન મેમો આવી શકે છે. કૃપા કરીને પાસિંગ નિયમિત રીતે કરાવજો.પાસિંગ ચાલુ ના હોય તો વીમા ક્લેમ પાસ થતો નથી." & CHAR(10) & CHAR(10) & "✅ અમારી પાસે પાસિંગ, પરમીટ, લાઇસન્સ, નામ ટ્રાન્સફર, વીમો વગેરે RTO ને લગતી તમામ સર્વિસ ઉપલબ્ધ છે. —" & CHAR(10) & "📞 સંપર્ક કરો: " & A81 & " | 8141488962" & CHAR(10) & CHAR(10) & "🏢 *ટોર્ક ઓટો એડવાઇઝર*" & CHAR(10) & "બીજા માળે, જીલ કોમ્પલેક્સ, અયોધ્યાપૂરી રોડ," & CHAR(10) & "જૂના બસ સ્ટેન્ડ પાસે, મોરબી" & CHAR(10) & CHAR(10) & "🌐 www.torqueautoadvisor.com" & CHAR(10) & "✉️ info@torqueautoadvisor.com" & CHAR(10) & CHAR(10) & "GST No. 24ALBPL1123D1ZY" & CHAR(10) & "IRDA Code: 1980390000" & CHAR(10) & "MSME: UDYAM-GJ-32-0014559"& CHAR(10) & CHAR(10) & "📍 Office Location: https://share.google/IdNJCnrf2jFCWten6" -> 💬 *TORQUE AUTO ADVISOR – FITNESS / PASSING REMINDER* 📍 *Morbi* 🧾 *શ્રી BHIKHABHAI NADIYA sir*, તમારી ગાડી *GJ36W1122* નું *પાસિંગ (Fitness) તા. 11-01-2026* એ પૂરું થાય છે. ⚠️ પાસિંગ સમયસર ન કરાવવાથી ઓનલાઇન મેમો આવી શકે છે. કૃપા કરીને પાસિંગ નિયમિત રીતે કરાવજો.પાસિંગ ચાલુ ના હોય તો વીમા ક્લેમ પાસ થતો નથી. ✅ અમારી પાસે પાસિંગ, પરમીટ, લાઇસન્સ, નામ ટ્રાન્સફર, વીમો વગેરે RTO ને લગતી તમામ સર્વિસ ઉપલબ્ધ છે. — 📞 સંપર્ક કરો: ANJALI-8141489538 | 8141488962 🏢 *ટોર્ક ઓટો એડવાઇઝર* બીજા માળે, જીલ કોમ્પલેક્સ, અયોધ્યાપૂરી રોડ, જૂના બસ સ્ટેન્ડ પાસે, મોરબી 🌐 www.torqueautoadvisor.com ✉️ info@torqueautoadvisor.com GST No. 24ALBPL1123D1ZY IRDA Code: 1980390000 MSME: UDYAM-GJ-32-0014559 📍 Office Location: https://share.google/IdNJCnrf2jFCWten6
A82: ANJALI-8141489538 | B82: GJ01KT1467 | C82: GHANGHAR DIPAK RANABHAI | D82: 46033 | E82: 25000 | F82: 19/11/15 | G82: 9106687700 | H82: ="💬 *TORQUE AUTO ADVISOR – FITNESS / PASSING REMINDER* " & CHAR(10) & "📍 *Morbi*" & CHAR(10) & CHAR(10) & "🧾 *શ્રી " & C82 & " sir*, તમારી ગાડી *" & B82 & "* નું *પાસિંગ (Fitness) તા. " & TEXT(D82,"DD-MM-yyyy") & "* એ પૂરું થાય છે." & CHAR(10) & CHAR(10) & "⚠️ પાસિંગ સમયસર ન કરાવવાથી ઓનલાઇન મેમો આવી શકે છે. કૃપા કરીને પાસિંગ નિયમિત રીતે કરાવજો.પાસિંગ ચાલુ ના હોય તો વીમા ક્લેમ પાસ થતો નથી." & CHAR(10) & CHAR(10) & "✅ અમારી પાસે પાસિંગ, પરમીટ, લાઇસન્સ, નામ ટ્રાન્સફર, વીમો વગેરે RTO ને લગતી તમામ સર્વિસ ઉપલબ્ધ છે. —" & CHAR(10) & "📞 સંપર્ક કરો: " & A82 & " | 8141488962" & CHAR(10) & CHAR(10) & "🏢 *ટોર્ક ઓટો એડવાઇઝર*" & CHAR(10) & "બીજા માળે, જીલ કોમ્પલેક્સ, અયોધ્યાપૂરી રોડ," & CHAR(10) & "જૂના બસ સ્ટેન્ડ પાસે, મોરબી" & CHAR(10) & CHAR(10) & "🌐 www.torqueautoadvisor.com" & CHAR(10) & "✉️ info@torqueautoadvisor.com" & CHAR(10) & CHAR(10) & "GST No. 24ALBPL1123D1ZY" & CHAR(10) & "IRDA Code: 1980390000" & CHAR(10) & "MSME: UDYAM-GJ-32-0014559"& CHAR(10) & CHAR(10) & "📍 Office Location: https://share.google/IdNJCnrf2jFCWten6" -> 💬 *TORQUE AUTO ADVISOR – FITNESS / PASSING REMINDER* 📍 *Morbi* 🧾 *શ્રી GHANGHAR DIPAK RANABHAI sir*, તમારી ગાડી *GJ01KT1467* નું *પાસિંગ (Fitness) તા. 11-01-2026* એ પૂરું થાય છે. ⚠️ પાસિંગ સમયસર ન કરાવવાથી ઓનલાઇન મેમો આવી શકે છે. કૃપા કરીને પાસિંગ નિયમિત રીતે કરાવજો.પાસિંગ ચાલુ ના હોય તો વીમા ક્લેમ પાસ થતો નથી. ✅ અમારી પાસે પાસિંગ, પરમીટ, લાઇસન્સ, નામ ટ્રાન્સફર, વીમો વગેરે RTO ને લગતી તમામ સર્વિસ ઉપલબ્ધ છે. — 📞 સંપર્ક કરો: ANJALI-8141489538 | 8141488962 🏢 *ટોર્ક ઓટો એડવાઇઝર* બીજા માળે, જીલ કોમ્પલેક્સ, અયોધ્યાપૂરી રોડ, જૂના બસ સ્ટેન્ડ પાસે, મોરબી 🌐 www.torqueautoadvisor.com ✉️ info@torqueautoadvisor.com GST No. 24ALBPL1123D1ZY IRDA Code: 1980390000 MSME: UDYAM-GJ-32-0014559 📍 Office Location: https://share.google/IdNJCnrf2jFCWten6
A83: ANJALI-8141489538 | B83: GJ36T2268 | C83: HIRABHAI | D83: 46033 | E83: 2620 | F83: 23/01/17 | G83: 9586521241 | H83: ="💬 *TORQUE AUTO ADVISOR – FITNESS / PASSING REMINDER* " & CHAR(10) & "📍 *Morbi*" & CHAR(10) & CHAR(10) & "🧾 *શ્રી " & C83 & " sir*, તમારી ગાડી *" & B83 & "* નું *પાસિંગ (Fitness) તા. " & TEXT(D83,"DD-MM-yyyy") & "* એ પૂરું થાય છે." & CHAR(10) & CHAR(10) & "⚠️ પાસિંગ સમયસર ન કરાવવાથી ઓનલાઇન મેમો આવી શકે છે. કૃપા કરીને પાસિંગ નિયમિત રીતે કરાવજો.પાસિંગ ચાલુ ના હોય તો વીમા ક્લેમ પાસ થતો નથી." & CHAR(10) & CHAR(10) & "✅ અમારી પાસે પાસિંગ, પરમીટ, લાઇસન્સ, નામ ટ્રાન્સફર, વીમો વગેરે RTO ને લગતી તમામ સર્વિસ ઉપલબ્ધ છે. —" & CHAR(10) & "📞 સંપર્ક કરો: " & A83 & " | 8141488962" & CHAR(10) & CHAR(10) & "🏢 *ટોર્ક ઓટો એડવાઇઝર*" & CHAR(10) & "બીજા માળે, જીલ કોમ્પલેક્સ, અયોધ્યાપૂરી રોડ," & CHAR(10) & "જૂના બસ સ્ટેન્ડ પાસે, મોરબી" & CHAR(10) & CHAR(10) & "🌐 www.torqueautoadvisor.com" & CHAR(10) & "✉️ info@torqueautoadvisor.com" & CHAR(10) & CHAR(10) & "GST No. 24ALBPL1123D1ZY" & CHAR(10) & "IRDA Code: 1980390000" & CHAR(10) & "MSME: UDYAM-GJ-32-0014559"& CHAR(10) & CHAR(10) & "📍 Office Location: https://share.google/IdNJCnrf2jFCWten6" -> 💬 *TORQUE AUTO ADVISOR – FITNESS / PASSING REMINDER* 📍 *Morbi* 🧾 *શ્રી HIRABHAI sir*, તમારી ગાડી *GJ36T2268* નું *પાસિંગ (Fitness) તા. 11-01-2026* એ પૂરું થાય છે. ⚠️ પાસિંગ સમયસર ન કરાવવાથી ઓનલાઇન મેમો આવી શકે છે. કૃપા કરીને પાસિંગ નિયમિત રીતે કરાવજો.પાસિંગ ચાલુ ના હોય તો વીમા ક્લેમ પાસ થતો નથી. ✅ અમારી પાસે પાસિંગ, પરમીટ, લાઇસન્સ, નામ ટ્રાન્સફર, વીમો વગેરે RTO ને લગતી તમામ સર્વિસ ઉપલબ્ધ છે. — 📞 સંપર્ક કરો: ANJALI-8141489538 | 8141488962 🏢 *ટોર્ક ઓટો એડવાઇઝર* બીજા માળે, જીલ કોમ્પલેક્સ, અયોધ્યાપૂરી રોડ, જૂના બસ સ્ટેન્ડ પાસે, મોરબી 🌐 www.torqueautoadvisor.com ✉️ info@torqueautoadvisor.com GST No. 24ALBPL1123D1ZY IRDA Code: 1980390000 MSME: UDYAM-GJ-32-0014559 📍 Office Location: https://share.google/IdNJCnrf2jFCWten6
A84: ANJALI-8141489538 | B84: GJ09Y9063 | C84: CHAVDA BHIMABHAI | D84: 46033 | E84: 16200 | F84: 29/11/07 | G84: 9825591215 | H84: ="💬 *TORQUE AUTO ADVISOR – FITNESS / PASSING REMINDER* " & CHAR(10) & "📍 *Morbi*" & CHAR(10) & CHAR(10) & "🧾 *શ્રી " & C84 & " sir*, તમારી ગાડી *" & B84 & "* નું *પાસિંગ (Fitness) તા. " & TEXT(D84,"DD-MM-yyyy") & "* એ પૂરું થાય છે." & CHAR(10) & CHAR(10) & "⚠️ પાસિંગ સમયસર ન કરાવવાથી ઓનલાઇન મેમો આવી શકે છે. કૃપા કરીને પાસિંગ નિયમિત રીતે કરાવજો.પાસિંગ ચાલુ ના હોય તો વીમા ક્લેમ પાસ થતો નથી." & CHAR(10) & CHAR(10) & "✅ અમારી પાસે પાસિંગ, પરમીટ, લાઇસન્સ, નામ ટ્રાન્સફર, વીમો વગેરે RTO ને લગતી તમામ સર્વિસ ઉપલબ્ધ છે. —" & CHAR(10) & "📞 સંપર્ક કરો: " & A84 & " | 8141488962" & CHAR(10) & CHAR(10) & "🏢 *ટોર્ક ઓટો એડવાઇઝર*" & CHAR(10) & "બીજા માળે, જીલ કોમ્પલેક્સ, અયોધ્યાપૂરી રોડ," & CHAR(10) & "જૂના બસ સ્ટેન્ડ પાસે, મોરબી" & CHAR(10) & CHAR(10) & "🌐 www.torqueautoadvisor.com" & CHAR(10) & "✉️ info@torqueautoadvisor.com" & CHAR(10) & CHAR(10) & "GST No. 24ALBPL1123D1ZY" & CHAR(10) & "IRDA Code: 1980390000" & CHAR(10) & "MSME: UDYAM-GJ-32-0014559"& CHAR(10) & CHAR(10) & "📍 Office Location: https://share.google/IdNJCnrf2jFCWten6" -> 💬 *TORQUE AUTO ADVISOR – FITNESS / PASSING REMINDER* 📍 *Morbi* 🧾 *શ્રી CHAVDA BHIMABHAI sir*, તમારી ગાડી *GJ09Y9063* નું *પાસિંગ (Fitness) તા. 11-01-2026* એ પૂરું થાય છે. ⚠️ પાસિંગ સમયસર ન કરાવવાથી ઓનલાઇન મેમો આવી શકે છે. કૃપા કરીને પાસિંગ નિયમિત રીતે કરાવજો.પાસિંગ ચાલુ ના હોય તો વીમા ક્લેમ પાસ થતો નથી. ✅ અમારી પાસે પાસિંગ, પરમીટ, લાઇસન્સ, નામ ટ્રાન્સફર, વીમો વગેરે RTO ને લગતી તમામ સર્વિસ ઉપલબ્ધ છે. — 📞 સંપર્ક કરો: ANJALI-8141489538 | 8141488962 🏢 *ટોર્ક ઓટો એડવાઇઝર* બીજા માળે, જીલ કોમ્પલેક્સ, અયોધ્યાપૂરી રોડ, જૂના બસ સ્ટેન્ડ પાસે, મોરબી 🌐 www.torqueautoadvisor.com ✉️ info@torqueautoadvisor.com GST No. 24ALBPL1123D1ZY IRDA Code: 1980390000 MSME: UDYAM-GJ-32-0014559 📍 Office Location: https://share.google/IdNJCnrf2jFCWten6
A85: ANJALI-8141489538 | B85: GJ03AZ3228 | C85: SHRADDHA EDUCATION CHARITABLE TRUST | D85: 46033 | E85: 9300 | F85: 13/01/14 | G85: 9924364846 | H85: ="💬 *TORQUE AUTO ADVISOR – FITNESS / PASSING REMINDER* " & CHAR(10) & "📍 *Morbi*" & CHAR(10) & CHAR(10) & "🧾 *શ્રી " & C85 & " sir*, તમારી ગાડી *" & B85 & "* નું *પાસિંગ (Fitness) તા. " & TEXT(D85,"DD-MM-yyyy") & "* એ પૂરું થાય છે." & CHAR(10) & CHAR(10) & "⚠️ પાસિંગ સમયસર ન કરાવવાથી ઓનલાઇન મેમો આવી શકે છે. કૃપા કરીને પાસિંગ નિયમિત રીતે કરાવજો.પાસિંગ ચાલુ ના હોય તો વીમા ક્લેમ પાસ થતો નથી." & CHAR(10) & CHAR(10) & "✅ અમારી પાસે પાસિંગ, પરમીટ, લાઇસન્સ, નામ ટ્રાન્સફર, વીમો વગેરે RTO ને લગતી તમામ સર્વિસ ઉપલબ્ધ છે. —" & CHAR(10) & "📞 સંપર્ક કરો: " & A85 & " | 8141488962" & CHAR(10) & CHAR(10) & "🏢 *ટોર્ક ઓટો એડવાઇઝર*" & CHAR(10) & "બીજા માળે, જીલ કોમ્પલેક્સ, અયોધ્યાપૂરી રોડ," & CHAR(10) & "જૂના બસ સ્ટેન્ડ પાસે, મોરબી" & CHAR(10) & CHAR(10) & "🌐 www.torqueautoadvisor.com" & CHAR(10) & "✉️ info@torqueautoadvisor.com" & CHAR(10) & CHAR(10) & "GST No. 24ALBPL1123D1ZY" & CHAR(10) & "IRDA Code: 1980390000" & CHAR(10) & "MSME: UDYAM-GJ-32-0014559"& CHAR(10) & CHAR(10) & "📍 Office Location: https://share.google/IdNJCnrf2jFCWten6" -> 💬 *TORQUE AUTO ADVISOR – FITNESS / PASSING REMINDER* 📍 *Morbi* 🧾 *શ્રી SHRADDHA EDUCATION CHARITABLE TRUST sir*, તમારી ગાડી *GJ03AZ3228* નું *પાસિંગ (Fitness) તા. 11-01-2026* એ પૂરું થાય છે. ⚠️ પાસિંગ સમયસર ન કરાવવાથી ઓનલાઇન મેમો આવી શકે છે. કૃપા કરીને પાસિંગ નિયમિત રીતે કરાવજો.પાસિંગ ચાલુ ના હોય તો વીમા ક્લેમ પાસ થતો નથી. ✅ અમારી પાસે પાસિંગ, પરમીટ, લાઇસન્સ, નામ ટ્રાન્સફર, વીમો વગેરે RTO ને લગતી તમામ સર્વિસ ઉપલબ્ધ છે. — 📞 સંપર્ક કરો: ANJALI-8141489538 | 8141488962 🏢 *ટોર્ક ઓટો એડવાઇઝર* બીજા માળે, જીલ કોમ્પલેક્સ, અયોધ્યાપૂરી રોડ, જૂના બસ સ્ટેન્ડ પાસે, મોરબી 🌐 www.torqueautoadvisor.com ✉️ info@torqueautoadvisor.com GST No. 24ALBPL1123D1ZY IRDA Code: 1980390000 MSME: UDYAM-GJ-32-0014559 📍 Office Location: https://share.google/IdNJCnrf2jFCWten6
A86: ANJALI-8141489538 | B86: GJ36W1279 | C86: AMARSHI DUDAKIYA | D86: 46033 | E86: 818 | F86: 45627 | G86: 9979422231 | H86: ="💬 *TORQUE AUTO ADVISOR – FITNESS / PASSING REMINDER* " & CHAR(10) & "📍 *Morbi*" & CHAR(10) & CHAR(10) & "🧾 *શ્રી " & C86 & " sir*, તમારી ગાડી *" & B86 & "* નું *પાસિંગ (Fitness) તા. " & TEXT(D86,"DD-MM-yyyy") & "* એ પૂરું થાય છે." & CHAR(10) & CHAR(10) & "⚠️ પાસિંગ સમયસર ન કરાવવાથી ઓનલાઇન મેમો આવી શકે છે. કૃપા કરીને પાસિંગ નિયમિત રીતે કરાવજો.પાસિંગ ચાલુ ના હોય તો વીમા ક્લેમ પાસ થતો નથી." & CHAR(10) & CHAR(10) & "✅ અમારી પાસે પાસિંગ, પરમીટ, લાઇસન્સ, નામ ટ્રાન્સફર, વીમો વગેરે RTO ને લગતી તમામ સર્વિસ ઉપલબ્ધ છે. —" & CHAR(10) & "📞 સંપર્ક કરો: " & A86 & " | 8141488962" & CHAR(10) & CHAR(10) & "🏢 *ટોર્ક ઓટો એડવાઇઝર*" & CHAR(10) & "બીજા માળે, જીલ કોમ્પલેક્સ, અયોધ્યાપૂરી રોડ," & CHAR(10) & "જૂના બસ સ્ટેન્ડ પાસે, મોરબી" & CHAR(10) & CHAR(10) & "🌐 www.torqueautoadvisor.com" & CHAR(10) & "✉️ info@torqueautoadvisor.com" & CHAR(10) & CHAR(10) & "GST No. 24ALBPL1123D1ZY" & CHAR(10) & "IRDA Code: 1980390000" & CHAR(10) & "MSME: UDYAM-GJ-32-0014559"& CHAR(10) & CHAR(10) & "📍 Office Location: https://share.google/IdNJCnrf2jFCWten6" -> 💬 *TORQUE AUTO ADVISOR – FITNESS / PASSING REMINDER* 📍 *Morbi* 🧾 *શ્રી AMARSHI DUDAKIYA sir*, તમારી ગાડી *GJ36W1279* નું *પાસિંગ (Fitness) તા. 11-01-2026* એ પૂરું થાય છે. ⚠️ પાસિંગ સમયસર ન કરાવવાથી ઓનલાઇન મેમો આવી શકે છે. કૃપા કરીને પાસિંગ નિયમિત રીતે કરાવજો.પાસિંગ ચાલુ ના હોય તો વીમા ક્લેમ પાસ થતો નથી. ✅ અમારી પાસે પાસિંગ, પરમીટ, લાઇસન્સ, નામ ટ્રાન્સફર, વીમો વગેરે RTO ને લગતી તમામ સર્વિસ ઉપલબ્ધ છે. — 📞 સંપર્ક કરો: ANJALI-8141489538 | 8141488962 🏢 *ટોર્ક ઓટો એડવાઇઝર* બીજા માળે, જીલ કોમ્પલેક્સ, અયોધ્યાપૂરી રોડ, જૂના બસ સ્ટેન્ડ પાસે, મોરબી 🌐 www.torqueautoadvisor.com ✉️ info@torqueautoadvisor.com GST No. 24ALBPL1123D1ZY IRDA Code: 1980390000 MSME: UDYAM-GJ-32-0014559 📍 Office Location: https://share.google/IdNJCnrf2jFCWten6
A87: ANJALI-8141489538 | B87: GJ36X1321 | C87: PANCHABHAI BAMBHAVA | D87: 46034 | E87: 1600 | F87: 13/01/24 | G87: 7600380818 | H87: ="💬 *TORQUE AUTO ADVISOR – FITNESS / PASSING REMINDER* " & CHAR(10) & "📍 *Morbi*" & CHAR(10) & CHAR(10) & "🧾 *શ્રી " & C87 & " sir*, તમારી ગાડી *" & B87 & "* નું *પાસિંગ (Fitness) તા. " & TEXT(D87,"DD-MM-yyyy") & "* એ પૂરું થાય છે." & CHAR(10) & CHAR(10) & "⚠️ પાસિંગ સમયસર ન કરાવવાથી ઓનલાઇન મેમો આવી શકે છે. કૃપા કરીને પાસિંગ નિયમિત રીતે કરાવજો.પાસિંગ ચાલુ ના હોય તો વીમા ક્લેમ પાસ થતો નથી." & CHAR(10) & CHAR(10) & "✅ અમારી પાસે પાસિંગ, પરમીટ, લાઇસન્સ, નામ ટ્રાન્સફર, વીમો વગેરે RTO ને લગતી તમામ સર્વિસ ઉપલબ્ધ છે. —" & CHAR(10) & "📞 સંપર્ક કરો: " & A87 & " | 8141488962" & CHAR(10) & CHAR(10) & "🏢 *ટોર્ક ઓટો એડવાઇઝર*" & CHAR(10) & "બીજા માળે, જીલ કોમ્પલેક્સ, અયોધ્યાપૂરી રોડ," & CHAR(10) & "જૂના બસ સ્ટેન્ડ પાસે, મોરબી" & CHAR(10) & CHAR(10) & "🌐 www.torqueautoadvisor.com" & CHAR(10) & "✉️ info@torqueautoadvisor.com" & CHAR(10) & CHAR(10) & "GST No. 24ALBPL1123D1ZY" & CHAR(10) & "IRDA Code: 1980390000" & CHAR(10) & "MSME: UDYAM-GJ-32-0014559"& CHAR(10) & CHAR(10) & "📍 Office Location: https://share.google/IdNJCnrf2jFCWten6" -> 💬 *TORQUE AUTO ADVISOR – FITNESS / PASSING REMINDER* 📍 *Morbi* 🧾 *શ્રી PANCHABHAI BAMBHAVA sir*, તમારી ગાડી *GJ36X1321* નું *પાસિંગ (Fitness) તા. 12-01-2026* એ પૂરું થાય છે. ⚠️ પાસિંગ સમયસર ન કરાવવાથી ઓનલાઇન મેમો આવી શકે છે. કૃપા કરીને પાસિંગ નિયમિત રીતે કરાવજો.પાસિંગ ચાલુ ના હોય તો વીમા ક્લેમ પાસ થતો નથી. ✅ અમારી પાસે પાસિંગ, પરમીટ, લાઇસન્સ, નામ ટ્રાન્સફર, વીમો વગેરે RTO ને લગતી તમામ સર્વિસ ઉપલબ્ધ છે. — 📞 સંપર્ક કરો: ANJALI-8141489538 | 8141488962 🏢 *ટોર્ક ઓટો એડવાઇઝર* બીજા માળે, જીલ કોમ્પલેક્સ, અયોધ્યાપૂરી રોડ, જૂના બસ સ્ટેન્ડ પાસે, મોરબી 🌐 www.torqueautoadvisor.com ✉️ info@torqueautoadvisor.com GST No. 24ALBPL1123D1ZY IRDA Code: 1980390000 MSME: UDYAM-GJ-32-0014559 📍 Office Location: https://share.google/IdNJCnrf2jFCWten6
A88: ANJALI-8141489538 | B88: GJ36V6458 | C88: JIGNESH MANSUKHBHAI RAMANUJ | D88: 46034 | E88: 1600 | F88: 13/01/24 | G88: 8758409654 | H88: ="💬 *TORQUE AUTO ADVISOR – FITNESS / PASSING REMINDER* " & CHAR(10) & "📍 *Morbi*" & CHAR(10) & CHAR(10) & "🧾 *શ્રી " & C88 & " sir*, તમારી ગાડી *" & B88 & "* નું *પાસિંગ (Fitness) તા. " & TEXT(D88,"DD-MM-yyyy") & "* એ પૂરું થાય છે." & CHAR(10) & CHAR(10) & "⚠️ પાસિંગ સમયસર ન કરાવવાથી ઓનલાઇન મેમો આવી શકે છે. કૃપા કરીને પાસિંગ નિયમિત રીતે કરાવજો.પાસિંગ ચાલુ ના હોય તો વીમા ક્લેમ પાસ થતો નથી." & CHAR(10) & CHAR(10) & "✅ અમારી પાસે પાસિંગ, પરમીટ, લાઇસન્સ, નામ ટ્રાન્સફર, વીમો વગેરે RTO ને લગતી તમામ સર્વિસ ઉપલબ્ધ છે. —" & CHAR(10) & "📞 સંપર્ક કરો: " & A88 & " | 8141488962" & CHAR(10) & CHAR(10) & "🏢 *ટોર્ક ઓટો એડવાઇઝર*" & CHAR(10) & "બીજા માળે, જીલ કોમ્પલેક્સ, અયોધ્યાપૂરી રોડ," & CHAR(10) & "જૂના બસ સ્ટેન્ડ પાસે, મોરબી" & CHAR(10) & CHAR(10) & "🌐 www.torqueautoadvisor.com" & CHAR(10) & "✉️ info@torqueautoadvisor.com" & CHAR(10) & CHAR(10) & "GST No. 24ALBPL1123D1ZY" & CHAR(10) & "IRDA Code: 1980390000" & CHAR(10) & "MSME: UDYAM-GJ-32-0014559"& CHAR(10) & CHAR(10) & "📍 Office Location: https://share.google/IdNJCnrf2jFCWten6" -> 💬 *TORQUE AUTO ADVISOR – FITNESS / PASSING REMINDER* 📍 *Morbi* 🧾 *શ્રી JIGNESH MANSUKHBHAI RAMANUJ sir*, તમારી ગાડી *GJ36V6458* નું *પાસિંગ (Fitness) તા. 12-01-2026* એ પૂરું થાય છે. ⚠️ પાસિંગ સમયસર ન કરાવવાથી ઓનલાઇન મેમો આવી શકે છે. કૃપા કરીને પાસિંગ નિયમિત રીતે કરાવજો.પાસિંગ ચાલુ ના હોય તો વીમા ક્લેમ પાસ થતો નથી. ✅ અમારી પાસે પાસિંગ, પરમીટ, લાઇસન્સ, નામ ટ્રાન્સફર, વીમો વગેરે RTO ને લગતી તમામ સર્વિસ ઉપલબ્ધ છે. — 📞 સંપર્ક કરો: ANJALI-8141489538 | 8141488962 🏢 *ટોર્ક ઓટો એડવાઇઝર* બીજા માળે, જીલ કોમ્પલેક્સ, અયોધ્યાપૂરી રોડ, જૂના બસ સ્ટેન્ડ પાસે, મોરબી 🌐 www.torqueautoadvisor.com ✉️ info@torqueautoadvisor.com GST No. 24ALBPL1123D1ZY IRDA Code: 1980390000 MSME: UDYAM-GJ-32-0014559 📍 Office Location: https://share.google/IdNJCnrf2jFCWten6
A89: ANJALI-8141489538 | B89: GJ36V6044 | C89: RUSHABHBHAI | D89: 46034 | E89: 1615 | F89: 13/01/24 | G89: 9215305555 | H89: ="💬 *TORQUE AUTO ADVISOR – FITNESS / PASSING REMINDER* " & CHAR(10) & "📍 *Morbi*" & CHAR(10) & CHAR(10) & "🧾 *શ્રી " & C89 & " sir*, તમારી ગાડી *" & B89 & "* નું *પાસિંગ (Fitness) તા. " & TEXT(D89,"DD-MM-yyyy") & "* એ પૂરું થાય છે." & CHAR(10) & CHAR(10) & "⚠️ પાસિંગ સમયસર ન કરાવવાથી ઓનલાઇન મેમો આવી શકે છે. કૃપા કરીને પાસિંગ નિયમિત રીતે કરાવજો.પાસિંગ ચાલુ ના હોય તો વીમા ક્લેમ પાસ થતો નથી." & CHAR(10) & CHAR(10) & "✅ અમારી પાસે પાસિંગ, પરમીટ, લાઇસન્સ, નામ ટ્રાન્સફર, વીમો વગેરે RTO ને લગતી તમામ સર્વિસ ઉપલબ્ધ છે. —" & CHAR(10) & "📞 સંપર્ક કરો: " & A89 & " | 8141488962" & CHAR(10) & CHAR(10) & "🏢 *ટોર્ક ઓટો એડવાઇઝર*" & CHAR(10) & "બીજા માળે, જીલ કોમ્પલેક્સ, અયોધ્યાપૂરી રોડ," & CHAR(10) & "જૂના બસ સ્ટેન્ડ પાસે, મોરબી" & CHAR(10) & CHAR(10) & "🌐 www.torqueautoadvisor.com" & CHAR(10) & "✉️ info@torqueautoadvisor.com" & CHAR(10) & CHAR(10) & "GST No. 24ALBPL1123D1ZY" & CHAR(10) & "IRDA Code: 1980390000" & CHAR(10) & "MSME: UDYAM-GJ-32-0014559"& CHAR(10) & CHAR(10) & "📍 Office Location: https://share.google/IdNJCnrf2jFCWten6" -> 💬 *TORQUE AUTO ADVISOR – FITNESS / PASSING REMINDER* 📍 *Morbi* 🧾 *શ્રી RUSHABHBHAI sir*, તમારી ગાડી *GJ36V6044* નું *પાસિંગ (Fitness) તા. 12-01-2026* એ પૂરું થાય છે. ⚠️ પાસિંગ સમયસર ન કરાવવાથી ઓનલાઇન મેમો આવી શકે છે. કૃપા કરીને પાસિંગ નિયમિત રીતે કરાવજો.પાસિંગ ચાલુ ના હોય તો વીમા ક્લેમ પાસ થતો નથી. ✅ અમારી પાસે પાસિંગ, પરમીટ, લાઇસન્સ, નામ ટ્રાન્સફર, વીમો વગેરે RTO ને લગતી તમામ સર્વિસ ઉપલબ્ધ છે. — 📞 સંપર્ક કરો: ANJALI-8141489538 | 8141488962 🏢 *ટોર્ક ઓટો એડવાઇઝર* બીજા માળે, જીલ કોમ્પલેક્સ, અયોધ્યાપૂરી રોડ, જૂના બસ સ્ટેન્ડ પાસે, મોરબી 🌐 www.torqueautoadvisor.com ✉️ info@torqueautoadvisor.com GST No. 24ALBPL1123D1ZY IRDA Code: 1980390000 MSME: UDYAM-GJ-32-0014559 📍 Office Location: https://share.google/IdNJCnrf2jFCWten6
A90: ANJALI-8141489538 | B90: GJ36T3981 | C90: JANAKBHAI | D90: 46034 | E90: 2960 | F90: 43191 | G90: 9510904869 | H90: ="💬 *TORQUE AUTO ADVISOR – FITNESS / PASSING REMINDER* " & CHAR(10) & "📍 *Morbi*" & CHAR(10) & CHAR(10) & "🧾 *શ્રી " & C90 & " sir*, તમારી ગાડી *" & B90 & "* નું *પાસિંગ (Fitness) તા. " & TEXT(D90,"DD-MM-yyyy") & "* એ પૂરું થાય છે." & CHAR(10) & CHAR(10) & "⚠️ પાસિંગ સમયસર ન કરાવવાથી ઓનલાઇન મેમો આવી શકે છે. કૃપા કરીને પાસિંગ નિયમિત રીતે કરાવજો.પાસિંગ ચાલુ ના હોય તો વીમા ક્લેમ પાસ થતો નથી." & CHAR(10) & CHAR(10) & "✅ અમારી પાસે પાસિંગ, પરમીટ, લાઇસન્સ, નામ ટ્રાન્સફર, વીમો વગેરે RTO ને લગતી તમામ સર્વિસ ઉપલબ્ધ છે. —" & CHAR(10) & "📞 સંપર્ક કરો: " & A90 & " | 8141488962" & CHAR(10) & CHAR(10) & "🏢 *ટોર્ક ઓટો એડવાઇઝર*" & CHAR(10) & "બીજા માળે, જીલ કોમ્પલેક્સ, અયોધ્યાપૂરી રોડ," & CHAR(10) & "જૂના બસ સ્ટેન્ડ પાસે, મોરબી" & CHAR(10) & CHAR(10) & "🌐 www.torqueautoadvisor.com" & CHAR(10) & "✉️ info@torqueautoadvisor.com" & CHAR(10) & CHAR(10) & "GST No. 24ALBPL1123D1ZY" & CHAR(10) & "IRDA Code: 1980390000" & CHAR(10) & "MSME: UDYAM-GJ-32-0014559"& CHAR(10) & CHAR(10) & "📍 Office Location: https://share.google/IdNJCnrf2jFCWten6" -> 💬 *TORQUE AUTO ADVISOR – FITNESS / PASSING REMINDER* 📍 *Morbi* 🧾 *શ્રી JANAKBHAI sir*, તમારી ગાડી *GJ36T3981* નું *પાસિંગ (Fitness) તા. 12-01-2026* એ પૂરું થાય છે. ⚠️ પાસિંગ સમયસર ન કરાવવાથી ઓનલાઇન મેમો આવી શકે છે. કૃપા કરીને પાસિંગ નિયમિત રીતે કરાવજો.પાસિંગ ચાલુ ના હોય તો વીમા ક્લેમ પાસ થતો નથી. ✅ અમારી પાસે પાસિંગ, પરમીટ, લાઇસન્સ, નામ ટ્રાન્સફર, વીમો વગેરે RTO ને લગતી તમામ સર્વિસ ઉપલબ્ધ છે. — 📞 સંપર્ક કરો: ANJALI-8141489538 | 8141488962 🏢 *ટોર્ક ઓટો એડવાઇઝર* બીજા માળે, જીલ કોમ્પલેક્સ, અયોધ્યાપૂરી રોડ, જૂના બસ સ્ટેન્ડ પાસે, મોરબી 🌐 www.torqueautoadvisor.com ✉️ info@torqueautoadvisor.com GST No. 24ALBPL1123D1ZY IRDA Code: 1980390000 MSME: UDYAM-GJ-32-0014559 📍 Office Location: https://share.google/IdNJCnrf2jFCWten6
A91: ANJALI-8141489538 | B91: GJ36W1528 | C91: VALJIBHAI PARMAR | D91: 46034 | E91: 818 | F91: 13/01/24 | G91: 9714636424 | H91: ="💬 *TORQUE AUTO ADVISOR – FITNESS / PASSING REMINDER* " & CHAR(10) & "📍 *Morbi*" & CHAR(10) & CHAR(10) & "🧾 *શ્રી " & C91 & " sir*, તમારી ગાડી *" & B91 & "* નું *પાસિંગ (Fitness) તા. " & TEXT(D91,"DD-MM-yyyy") & "* એ પૂરું થાય છે." & CHAR(10) & CHAR(10) & "⚠️ પાસિંગ સમયસર ન કરાવવાથી ઓનલાઇન મેમો આવી શકે છે. કૃપા કરીને પાસિંગ નિયમિત રીતે કરાવજો.પાસિંગ ચાલુ ના હોય તો વીમા ક્લેમ પાસ થતો નથી." & CHAR(10) & CHAR(10) & "✅ અમારી પાસે પાસિંગ, પરમીટ, લાઇસન્સ, નામ ટ્રાન્સફર, વીમો વગેરે RTO ને લગતી તમામ સર્વિસ ઉપલબ્ધ છે. —" & CHAR(10) & "📞 સંપર્ક કરો: " & A91 & " | 8141488962" & CHAR(10) & CHAR(10) & "🏢 *ટોર્ક ઓટો એડવાઇઝર*" & CHAR(10) & "બીજા માળે, જીલ કોમ્પલેક્સ, અયોધ્યાપૂરી રોડ," & CHAR(10) & "જૂના બસ સ્ટેન્ડ પાસે, મોરબી" & CHAR(10) & CHAR(10) & "🌐 www.torqueautoadvisor.com" & CHAR(10) & "✉️ info@torqueautoadvisor.com" & CHAR(10) & CHAR(10) & "GST No. 24ALBPL1123D1ZY" & CHAR(10) & "IRDA Code: 1980390000" & CHAR(10) & "MSME: UDYAM-GJ-32-0014559"& CHAR(10) & CHAR(10) & "📍 Office Location: https://share.google/IdNJCnrf2jFCWten6" -> 💬 *TORQUE AUTO ADVISOR – FITNESS / PASSING REMINDER* 📍 *Morbi* 🧾 *શ્રી VALJIBHAI PARMAR sir*, તમારી ગાડી *GJ36W1528* નું *પાસિંગ (Fitness) તા. 12-01-2026* એ પૂરું થાય છે. ⚠️ પાસિંગ સમયસર ન કરાવવાથી ઓનલાઇન મેમો આવી શકે છે. કૃપા કરીને પાસિંગ નિયમિત રીતે કરાવજો.પાસિંગ ચાલુ ના હોય તો વીમા ક્લેમ પાસ થતો નથી. ✅ અમારી પાસે પાસિંગ, પરમીટ, લાઇસન્સ, નામ ટ્રાન્સફર, વીમો વગેરે RTO ને લગતી તમામ સર્વિસ ઉપલબ્ધ છે. — 📞 સંપર્ક કરો: ANJALI-8141489538 | 8141488962 🏢 *ટોર્ક ઓટો એડવાઇઝર* બીજા માળે, જીલ કોમ્પલેક્સ, અયોધ્યાપૂરી રોડ, જૂના બસ સ્ટેન્ડ પાસે, મોરબી 🌐 www.torqueautoadvisor.com ✉️ info@torqueautoadvisor.com GST No. 24ALBPL1123D1ZY IRDA Code: 1980390000 MSME: UDYAM-GJ-32-0014559 📍 Office Location: https://share.google/IdNJCnrf2jFCWten6
A92: ANJALI-8141489538 | B92: GJ10W5515 | C92: GALCHAR NARANBHAI | D92: 46034 | E92: 18500 | F92: 28/04/05 | G92: 9879024612 | H92: ="💬 *TORQUE AUTO ADVISOR – FITNESS / PASSING REMINDER* " & CHAR(10) & "📍 *Morbi*" & CHAR(10) & CHAR(10) & "🧾 *શ્રી " & C92 & " sir*, તમારી ગાડી *" & B92 & "* નું *પાસિંગ (Fitness) તા. " & TEXT(D92,"DD-MM-yyyy") & "* એ પૂરું થાય છે." & CHAR(10) & CHAR(10) & "⚠️ પાસિંગ સમયસર ન કરાવવાથી ઓનલાઇન મેમો આવી શકે છે. કૃપા કરીને પાસિંગ નિયમિત રીતે કરાવજો.પાસિંગ ચાલુ ના હોય તો વીમા ક્લેમ પાસ થતો નથી." & CHAR(10) & CHAR(10) & "✅ અમારી પાસે પાસિંગ, પરમીટ, લાઇસન્સ, નામ ટ્રાન્સફર, વીમો વગેરે RTO ને લગતી તમામ સર્વિસ ઉપલબ્ધ છે. —" & CHAR(10) & "📞 સંપર્ક કરો: " & A92 & " | 8141488962" & CHAR(10) & CHAR(10) & "🏢 *ટોર્ક ઓટો એડવાઇઝર*" & CHAR(10) & "બીજા માળે, જીલ કોમ્પલેક્સ, અયોધ્યાપૂરી રોડ," & CHAR(10) & "જૂના બસ સ્ટેન્ડ પાસે, મોરબી" & CHAR(10) & CHAR(10) & "🌐 www.torqueautoadvisor.com" & CHAR(10) & "✉️ info@torqueautoadvisor.com" & CHAR(10) & CHAR(10) & "GST No. 24ALBPL1123D1ZY" & CHAR(10) & "IRDA Code: 1980390000" & CHAR(10) & "MSME: UDYAM-GJ-32-0014559"& CHAR(10) & CHAR(10) & "📍 Office Location: https://share.google/IdNJCnrf2jFCWten6" -> 💬 *TORQUE AUTO ADVISOR – FITNESS / PASSING REMINDER* 📍 *Morbi* 🧾 *શ્રી GALCHAR NARANBHAI sir*, તમારી ગાડી *GJ10W5515* નું *પાસિંગ (Fitness) તા. 12-01-2026* એ પૂરું થાય છે. ⚠️ પાસિંગ સમયસર ન કરાવવાથી ઓનલાઇન મેમો આવી શકે છે. કૃપા કરીને પાસિંગ નિયમિત રીતે કરાવજો.પાસિંગ ચાલુ ના હોય તો વીમા ક્લેમ પાસ થતો નથી. ✅ અમારી પાસે પાસિંગ, પરમીટ, લાઇસન્સ, નામ ટ્રાન્સફર, વીમો વગેરે RTO ને લગતી તમામ સર્વિસ ઉપલબ્ધ છે. — 📞 સંપર્ક કરો: ANJALI-8141489538 | 8141488962 🏢 *ટોર્ક ઓટો એડવાઇઝર* બીજા માળે, જીલ કોમ્પલેક્સ, અયોધ્યાપૂરી રોડ, જૂના બસ સ્ટેન્ડ પાસે, મોરબી 🌐 www.torqueautoadvisor.com ✉️ info@torqueautoadvisor.com GST No. 24ALBPL1123D1ZY IRDA Code: 1980390000 MSME: UDYAM-GJ-32-0014559 📍 Office Location: https://share.google/IdNJCnrf2jFCWten6
A93: ANJALI-8141489538 | B93: GJ10W5568 | C93: GALCHAR NARANBHAI | D93: 46034 | E93: 18500 | F93: 18/03/05 | G93: 9879024612 | H93: ="💬 *TORQUE AUTO ADVISOR – FITNESS / PASSING REMINDER* " & CHAR(10) & "📍 *Morbi*" & CHAR(10) & CHAR(10) & "🧾 *શ્રી " & C93 & " sir*, તમારી ગાડી *" & B93 & "* નું *પાસિંગ (Fitness) તા. " & TEXT(D93,"DD-MM-yyyy") & "* એ પૂરું થાય છે." & CHAR(10) & CHAR(10) & "⚠️ પાસિંગ સમયસર ન કરાવવાથી ઓનલાઇન મેમો આવી શકે છે. કૃપા કરીને પાસિંગ નિયમિત રીતે કરાવજો.પાસિંગ ચાલુ ના હોય તો વીમા ક્લેમ પાસ થતો નથી." & CHAR(10) & CHAR(10) & "✅ અમારી પાસે પાસિંગ, પરમીટ, લાઇસન્સ, નામ ટ્રાન્સફર, વીમો વગેરે RTO ને લગતી તમામ સર્વિસ ઉપલબ્ધ છે. —" & CHAR(10) & "📞 સંપર્ક કરો: " & A93 & " | 8141488962" & CHAR(10) & CHAR(10) & "🏢 *ટોર્ક ઓટો એડવાઇઝર*" & CHAR(10) & "બીજા માળે, જીલ કોમ્પલેક્સ, અયોધ્યાપૂરી રોડ," & CHAR(10) & "જૂના બસ સ્ટેન્ડ પાસે, મોરબી" & CHAR(10) & CHAR(10) & "🌐 www.torqueautoadvisor.com" & CHAR(10) & "✉️ info@torqueautoadvisor.com" & CHAR(10) & CHAR(10) & "GST No. 24ALBPL1123D1ZY" & CHAR(10) & "IRDA Code: 1980390000" & CHAR(10) & "MSME: UDYAM-GJ-32-0014559"& CHAR(10) & CHAR(10) & "📍 Office Location: https://share.google/IdNJCnrf2jFCWten6" -> 💬 *TORQUE AUTO ADVISOR – FITNESS / PASSING REMINDER* 📍 *Morbi* 🧾 *શ્રી GALCHAR NARANBHAI sir*, તમારી ગાડી *GJ10W5568* નું *પાસિંગ (Fitness) તા. 12-01-2026* એ પૂરું થાય છે. ⚠️ પાસિંગ સમયસર ન કરાવવાથી ઓનલાઇન મેમો આવી શકે છે. કૃપા કરીને પાસિંગ નિયમિત રીતે કરાવજો.પાસિંગ ચાલુ ના હોય તો વીમા ક્લેમ પાસ થતો નથી. ✅ અમારી પાસે પાસિંગ, પરમીટ, લાઇસન્સ, નામ ટ્રાન્સફર, વીમો વગેરે RTO ને લગતી તમામ સર્વિસ ઉપલબ્ધ છે. — 📞 સંપર્ક કરો: ANJALI-8141489538 | 8141488962 🏢 *ટોર્ક ઓટો એડવાઇઝર* બીજા માળે, જીલ કોમ્પલેક્સ, અયોધ્યાપૂરી રોડ, જૂના બસ સ્ટેન્ડ પાસે, મોરબી 🌐 www.torqueautoadvisor.com ✉️ info@torqueautoadvisor.com GST No. 24ALBPL1123D1ZY IRDA Code: 1980390000 MSME: UDYAM-GJ-32-0014559 📍 Office Location: https://share.google/IdNJCnrf2jFCWten6
A94: ANJALI-8141489538 | B94: GJ03BV4424 | C94: JIVAN MUNDHAVA | D94: 46034 | E94: 5400 | F94: 41428 | G94: 9879331871 | H94: ="💬 *TORQUE AUTO ADVISOR – FITNESS / PASSING REMINDER* " & CHAR(10) & "📍 *Morbi*" & CHAR(10) & CHAR(10) & "🧾 *શ્રી " & C94 & " sir*, તમારી ગાડી *" & B94 & "* નું *પાસિંગ (Fitness) તા. " & TEXT(D94,"DD-MM-yyyy") & "* એ પૂરું થાય છે." & CHAR(10) & CHAR(10) & "⚠️ પાસિંગ સમયસર ન કરાવવાથી ઓનલાઇન મેમો આવી શકે છે. કૃપા કરીને પાસિંગ નિયમિત રીતે કરાવજો.પાસિંગ ચાલુ ના હોય તો વીમા ક્લેમ પાસ થતો નથી." & CHAR(10) & CHAR(10) & "✅ અમારી પાસે પાસિંગ, પરમીટ, લાઇસન્સ, નામ ટ્રાન્સફર, વીમો વગેરે RTO ને લગતી તમામ સર્વિસ ઉપલબ્ધ છે. —" & CHAR(10) & "📞 સંપર્ક કરો: " & A94 & " | 8141488962" & CHAR(10) & CHAR(10) & "🏢 *ટોર્ક ઓટો એડવાઇઝર*" & CHAR(10) & "બીજા માળે, જીલ કોમ્પલેક્સ, અયોધ્યાપૂરી રોડ," & CHAR(10) & "જૂના બસ સ્ટેન્ડ પાસે, મોરબી" & CHAR(10) & CHAR(10) & "🌐 www.torqueautoadvisor.com" & CHAR(10) & "✉️ info@torqueautoadvisor.com" & CHAR(10) & CHAR(10) & "GST No. 24ALBPL1123D1ZY" & CHAR(10) & "IRDA Code: 1980390000" & CHAR(10) & "MSME: UDYAM-GJ-32-0014559"& CHAR(10) & CHAR(10) & "📍 Office Location: https://share.google/IdNJCnrf2jFCWten6" -> 💬 *TORQUE AUTO ADVISOR – FITNESS / PASSING REMINDER* 📍 *Morbi* 🧾 *શ્રી JIVAN MUNDHAVA sir*, તમારી ગાડી *GJ03BV4424* નું *પાસિંગ (Fitness) તા. 12-01-2026* એ પૂરું થાય છે. ⚠️ પાસિંગ સમયસર ન કરાવવાથી ઓનલાઇન મેમો આવી શકે છે. કૃપા કરીને પાસિંગ નિયમિત રીતે કરાવજો.પાસિંગ ચાલુ ના હોય તો વીમા ક્લેમ પાસ થતો નથી. ✅ અમારી પાસે પાસિંગ, પરમીટ, લાઇસન્સ, નામ ટ્રાન્સફર, વીમો વગેરે RTO ને લગતી તમામ સર્વિસ ઉપલબ્ધ છે. — 📞 સંપર્ક કરો: ANJALI-8141489538 | 8141488962 🏢 *ટોર્ક ઓટો એડવાઇઝર* બીજા માળે, જીલ કોમ્પલેક્સ, અયોધ્યાપૂરી રોડ, જૂના બસ સ્ટેન્ડ પાસે, મોરબી 🌐 www.torqueautoadvisor.com ✉️ info@torqueautoadvisor.com GST No. 24ALBPL1123D1ZY IRDA Code: 1980390000 MSME: UDYAM-GJ-32-0014559 📍 Office Location: https://share.google/IdNJCnrf2jFCWten6
A95: ANJALI-8141489538 | B95: GJ12BV7533 | C95: FIROJ | D95: 46034 | E95: 42000 | F95: 42795 | G95: 9924279064 | H95: ="💬 *TORQUE AUTO ADVISOR – FITNESS / PASSING REMINDER* " & CHAR(10) & "📍 *Morbi*" & CHAR(10) & CHAR(10) & "🧾 *શ્રી " & C95 & " sir*, તમારી ગાડી *" & B95 & "* નું *પાસિંગ (Fitness) તા. " & TEXT(D95,"DD-MM-yyyy") & "* એ પૂરું થાય છે." & CHAR(10) & CHAR(10) & "⚠️ પાસિંગ સમયસર ન કરાવવાથી ઓનલાઇન મેમો આવી શકે છે. કૃપા કરીને પાસિંગ નિયમિત રીતે કરાવજો.પાસિંગ ચાલુ ના હોય તો વીમા ક્લેમ પાસ થતો નથી." & CHAR(10) & CHAR(10) & "✅ અમારી પાસે પાસિંગ, પરમીટ, લાઇસન્સ, નામ ટ્રાન્સફર, વીમો વગેરે RTO ને લગતી તમામ સર્વિસ ઉપલબ્ધ છે. —" & CHAR(10) & "📞 સંપર્ક કરો: " & A95 & " | 8141488962" & CHAR(10) & CHAR(10) & "🏢 *ટોર્ક ઓટો એડવાઇઝર*" & CHAR(10) & "બીજા માળે, જીલ કોમ્પલેક્સ, અયોધ્યાપૂરી રોડ," & CHAR(10) & "જૂના બસ સ્ટેન્ડ પાસે, મોરબી" & CHAR(10) & CHAR(10) & "🌐 www.torqueautoadvisor.com" & CHAR(10) & "✉️ info@torqueautoadvisor.com" & CHAR(10) & CHAR(10) & "GST No. 24ALBPL1123D1ZY" & CHAR(10) & "IRDA Code: 1980390000" & CHAR(10) & "MSME: UDYAM-GJ-32-0014559"& CHAR(10) & CHAR(10) & "📍 Office Location: https://share.google/IdNJCnrf2jFCWten6" -> 💬 *TORQUE AUTO ADVISOR – FITNESS / PASSING REMINDER* 📍 *Morbi* 🧾 *શ્રી FIROJ sir*, તમારી ગાડી *GJ12BV7533* નું *પાસિંગ (Fitness) તા. 12-01-2026* એ પૂરું થાય છે. ⚠️ પાસિંગ સમયસર ન કરાવવાથી ઓનલાઇન મેમો આવી શકે છે. કૃપા કરીને પાસિંગ નિયમિત રીતે કરાવજો.પાસિંગ ચાલુ ના હોય તો વીમા ક્લેમ પાસ થતો નથી. ✅ અમારી પાસે પાસિંગ, પરમીટ, લાઇસન્સ, નામ ટ્રાન્સફર, વીમો વગેરે RTO ને લગતી તમામ સર્વિસ ઉપલબ્ધ છે. — 📞 સંપર્ક કરો: ANJALI-8141489538 | 8141488962 🏢 *ટોર્ક ઓટો એડવાઇઝર* બીજા માળે, જીલ કોમ્પલેક્સ, અયોધ્યાપૂરી રોડ, જૂના બસ સ્ટેન્ડ પાસે, મોરબી 🌐 www.torqueautoadvisor.com ✉️ info@torqueautoadvisor.com GST No. 24ALBPL1123D1ZY IRDA Code: 1980390000 MSME: UDYAM-GJ-32-0014559 📍 Office Location: https://share.google/IdNJCnrf2jFCWten6
A96: ANJALI-8141489538 | B96: GJ12BU1509 | C96: GAMARA BHARAT JETHABHAI | D96: 46036 | E96: 700 | F96: 13/12/16 | G96: 8320202151 | H96: ="💬 *TORQUE AUTO ADVISOR – FITNESS / PASSING REMINDER* " & CHAR(10) & "📍 *Morbi*" & CHAR(10) & CHAR(10) & "🧾 *શ્રી " & C96 & " sir*, તમારી ગાડી *" & B96 & "* નું *પાસિંગ (Fitness) તા. " & TEXT(D96,"DD-MM-yyyy") & "* એ પૂરું થાય છે." & CHAR(10) & CHAR(10) & "⚠️ પાસિંગ સમયસર ન કરાવવાથી ઓનલાઇન મેમો આવી શકે છે. કૃપા કરીને પાસિંગ નિયમિત રીતે કરાવજો.પાસિંગ ચાલુ ના હોય તો વીમા ક્લેમ પાસ થતો નથી." & CHAR(10) & CHAR(10) & "✅ અમારી પાસે પાસિંગ, પરમીટ, લાઇસન્સ, નામ ટ્રાન્સફર, વીમો વગેરે RTO ને લગતી તમામ સર્વિસ ઉપલબ્ધ છે. —" & CHAR(10) & "📞 સંપર્ક કરો: " & A96 & " | 8141488962" & CHAR(10) & CHAR(10) & "🏢 *ટોર્ક ઓટો એડવાઇઝર*" & CHAR(10) & "બીજા માળે, જીલ કોમ્પલેક્સ, અયોધ્યાપૂરી રોડ," & CHAR(10) & "જૂના બસ સ્ટેન્ડ પાસે, મોરબી" & CHAR(10) & CHAR(10) & "🌐 www.torqueautoadvisor.com" & CHAR(10) & "✉️ info@torqueautoadvisor.com" & CHAR(10) & CHAR(10) & "GST No. 24ALBPL1123D1ZY" & CHAR(10) & "IRDA Code: 1980390000" & CHAR(10) & "MSME: UDYAM-GJ-32-0014559"& CHAR(10) & CHAR(10) & "📍 Office Location: https://share.google/IdNJCnrf2jFCWten6" -> 💬 *TORQUE AUTO ADVISOR – FITNESS / PASSING REMINDER* 📍 *Morbi* 🧾 *શ્રી GAMARA BHARAT JETHABHAI sir*, તમારી ગાડી *GJ12BU1509* નું *પાસિંગ (Fitness) તા. 14-01-2026* એ પૂરું થાય છે. ⚠️ પાસિંગ સમયસર ન કરાવવાથી ઓનલાઇન મેમો આવી શકે છે. કૃપા કરીને પાસિંગ નિયમિત રીતે કરાવજો.પાસિંગ ચાલુ ના હોય તો વીમા ક્લેમ પાસ થતો નથી. ✅ અમારી પાસે પાસિંગ, પરમીટ, લાઇસન્સ, નામ ટ્રાન્સફર, વીમો વગેરે RTO ને લગતી તમામ સર્વિસ ઉપલબ્ધ છે. — 📞 સંપર્ક કરો: ANJALI-8141489538 | 8141488962 🏢 *ટોર્ક ઓટો એડવાઇઝર* બીજા માળે, જીલ કોમ્પલેક્સ, અયોધ્યાપૂરી રોડ, જૂના બસ સ્ટેન્ડ પાસે, મોરબી 🌐 www.torqueautoadvisor.com ✉️ info@torqueautoadvisor.com GST No. 24ALBPL1123D1ZY IRDA Code: 1980390000 MSME: UDYAM-GJ-32-0014559 📍 Office Location: https://share.google/IdNJCnrf2jFCWten6
A97: ANJALI-8141489538 | B97: GJ36U3925 | C97: CHAROLIYA BHUPAT GAGJIBHAI | D97: 46036 | E97: 950 | F97: 30/08/18 | G97: 8320202151 | H97: ="💬 *TORQUE AUTO ADVISOR – FITNESS / PASSING REMINDER* " & CHAR(10) & "📍 *Morbi*" & CHAR(10) & CHAR(10) & "🧾 *શ્રી " & C97 & " sir*, તમારી ગાડી *" & B97 & "* નું *પાસિંગ (Fitness) તા. " & TEXT(D97,"DD-MM-yyyy") & "* એ પૂરું થાય છે." & CHAR(10) & CHAR(10) & "⚠️ પાસિંગ સમયસર ન કરાવવાથી ઓનલાઇન મેમો આવી શકે છે. કૃપા કરીને પાસિંગ નિયમિત રીતે કરાવજો.પાસિંગ ચાલુ ના હોય તો વીમા ક્લેમ પાસ થતો નથી." & CHAR(10) & CHAR(10) & "✅ અમારી પાસે પાસિંગ, પરમીટ, લાઇસન્સ, નામ ટ્રાન્સફર, વીમો વગેરે RTO ને લગતી તમામ સર્વિસ ઉપલબ્ધ છે. —" & CHAR(10) & "📞 સંપર્ક કરો: " & A97 & " | 8141488962" & CHAR(10) & CHAR(10) & "🏢 *ટોર્ક ઓટો એડવાઇઝર*" & CHAR(10) & "બીજા માળે, જીલ કોમ્પલેક્સ, અયોધ્યાપૂરી રોડ," & CHAR(10) & "જૂના બસ સ્ટેન્ડ પાસે, મોરબી" & CHAR(10) & CHAR(10) & "🌐 www.torqueautoadvisor.com" & CHAR(10) & "✉️ info@torqueautoadvisor.com" & CHAR(10) & CHAR(10) & "GST No. 24ALBPL1123D1ZY" & CHAR(10) & "IRDA Code: 1980390000" & CHAR(10) & "MSME: UDYAM-GJ-32-0014559"& CHAR(10) & CHAR(10) & "📍 Office Location: https://share.google/IdNJCnrf2jFCWten6" -> 💬 *TORQUE AUTO ADVISOR – FITNESS / PASSING REMINDER* 📍 *Morbi* 🧾 *શ્રી CHAROLIYA BHUPAT GAGJIBHAI sir*, તમારી ગાડી *GJ36U3925* નું *પાસિંગ (Fitness) તા. 14-01-2026* એ પૂરું થાય છે. ⚠️ પાસિંગ સમયસર ન કરાવવાથી ઓનલાઇન મેમો આવી શકે છે. કૃપા કરીને પાસિંગ નિયમિત રીતે કરાવજો.પાસિંગ ચાલુ ના હોય તો વીમા ક્લેમ પાસ થતો નથી. ✅ અમારી પાસે પાસિંગ, પરમીટ, લાઇસન્સ, નામ ટ્રાન્સફર, વીમો વગેરે RTO ને લગતી તમામ સર્વિસ ઉપલબ્ધ છે. — 📞 સંપર્ક કરો: ANJALI-8141489538 | 8141488962 🏢 *ટોર્ક ઓટો એડવાઇઝર* બીજા માળે, જીલ કોમ્પલેક્સ, અયોધ્યાપૂરી રોડ, જૂના બસ સ્ટેન્ડ પાસે, મોરબી 🌐 www.torqueautoadvisor.com ✉️ info@torqueautoadvisor.com GST No. 24ALBPL1123D1ZY IRDA Code: 1980390000 MSME: UDYAM-GJ-32-0014559 📍 Office Location: https://share.google/IdNJCnrf2jFCWten6
A98: ANJALI-8141489538 | B98: GJ36U0666 | C98: TEJABHAI | D98: 46036 | E98: 751 | F98: 42685 | G98: 9016067919 | H98: ="💬 *TORQUE AUTO ADVISOR – FITNESS / PASSING REMINDER* " & CHAR(10) & "📍 *Morbi*" & CHAR(10) & CHAR(10) & "🧾 *શ્રી " & C98 & " sir*, તમારી ગાડી *" & B98 & "* નું *પાસિંગ (Fitness) તા. " & TEXT(D98,"DD-MM-yyyy") & "* એ પૂરું થાય છે." & CHAR(10) & CHAR(10) & "⚠️ પાસિંગ સમયસર ન કરાવવાથી ઓનલાઇન મેમો આવી શકે છે. કૃપા કરીને પાસિંગ નિયમિત રીતે કરાવજો.પાસિંગ ચાલુ ના હોય તો વીમા ક્લેમ પાસ થતો નથી." & CHAR(10) & CHAR(10) & "✅ અમારી પાસે પાસિંગ, પરમીટ, લાઇસન્સ, નામ ટ્રાન્સફર, વીમો વગેરે RTO ને લગતી તમામ સર્વિસ ઉપલબ્ધ છે. —" & CHAR(10) & "📞 સંપર્ક કરો: " & A98 & " | 8141488962" & CHAR(10) & CHAR(10) & "🏢 *ટોર્ક ઓટો એડવાઇઝર*" & CHAR(10) & "બીજા માળે, જીલ કોમ્પલેક્સ, અયોધ્યાપૂરી રોડ," & CHAR(10) & "જૂના બસ સ્ટેન્ડ પાસે, મોરબી" & CHAR(10) & CHAR(10) & "🌐 www.torqueautoadvisor.com" & CHAR(10) & "✉️ info@torqueautoadvisor.com" & CHAR(10) & CHAR(10) & "GST No. 24ALBPL1123D1ZY" & CHAR(10) & "IRDA Code: 1980390000" & CHAR(10) & "MSME: UDYAM-GJ-32-0014559"& CHAR(10) & CHAR(10) & "📍 Office Location: https://share.google/IdNJCnrf2jFCWten6" -> 💬 *TORQUE AUTO ADVISOR – FITNESS / PASSING REMINDER* 📍 *Morbi* 🧾 *શ્રી TEJABHAI sir*, તમારી ગાડી *GJ36U0666* નું *પાસિંગ (Fitness) તા. 14-01-2026* એ પૂરું થાય છે. ⚠️ પાસિંગ સમયસર ન કરાવવાથી ઓનલાઇન મેમો આવી શકે છે. કૃપા કરીને પાસિંગ નિયમિત રીતે કરાવજો.પાસિંગ ચાલુ ના હોય તો વીમા ક્લેમ પાસ થતો નથી. ✅ અમારી પાસે પાસિંગ, પરમીટ, લાઇસન્સ, નામ ટ્રાન્સફર, વીમો વગેરે RTO ને લગતી તમામ સર્વિસ ઉપલબ્ધ છે. — 📞 સંપર્ક કરો: ANJALI-8141489538 | 8141488962 🏢 *ટોર્ક ઓટો એડવાઇઝર* બીજા માળે, જીલ કોમ્પલેક્સ, અયોધ્યાપૂરી રોડ, જૂના બસ સ્ટેન્ડ પાસે, મોરબી 🌐 www.torqueautoadvisor.com ✉️ info@torqueautoadvisor.com GST No. 24ALBPL1123D1ZY IRDA Code: 1980390000 MSME: UDYAM-GJ-32-0014559 📍 Office Location: https://share.google/IdNJCnrf2jFCWten6
A99: ANJALI-8141489538 | B99: GJ36V8910 | C99: VIJAYBHAI | D99: 46036 | E99: 11990 | F99: 15/01/20 | G99: 9913172782 | H99: ="💬 *TORQUE AUTO ADVISOR – FITNESS / PASSING REMINDER* " & CHAR(10) & "📍 *Morbi*" & CHAR(10) & CHAR(10) & "🧾 *શ્રી " & C99 & " sir*, તમારી ગાડી *" & B99 & "* નું *પાસિંગ (Fitness) તા. " & TEXT(D99,"DD-MM-yyyy") & "* એ પૂરું થાય છે." & CHAR(10) & CHAR(10) & "⚠️ પાસિંગ સમયસર ન કરાવવાથી ઓનલાઇન મેમો આવી શકે છે. કૃપા કરીને પાસિંગ નિયમિત રીતે કરાવજો.પાસિંગ ચાલુ ના હોય તો વીમા ક્લેમ પાસ થતો નથી." & CHAR(10) & CHAR(10) & "✅ અમારી પાસે પાસિંગ, પરમીટ, લાઇસન્સ, નામ ટ્રાન્સફર, વીમો વગેરે RTO ને લગતી તમામ સર્વિસ ઉપલબ્ધ છે. —" & CHAR(10) & "📞 સંપર્ક કરો: " & A99 & " | 8141488962" & CHAR(10) & CHAR(10) & "🏢 *ટોર્ક ઓટો એડવાઇઝર*" & CHAR(10) & "બીજા માળે, જીલ કોમ્પલેક્સ, અયોધ્યાપૂરી રોડ," & CHAR(10) & "જૂના બસ સ્ટેન્ડ પાસે, મોરબી" & CHAR(10) & CHAR(10) & "🌐 www.torqueautoadvisor.com" & CHAR(10) & "✉️ info@torqueautoadvisor.com" & CHAR(10) & CHAR(10) & "GST No. 24ALBPL1123D1ZY" & CHAR(10) & "IRDA Code: 1980390000" & CHAR(10) & "MSME: UDYAM-GJ-32-0014559"& CHAR(10) & CHAR(10) & "📍 Office Location: https://share.google/IdNJCnrf2jFCWten6" -> 💬 *TORQUE AUTO ADVISOR – FITNESS / PASSING REMINDER* 📍 *Morbi* 🧾 *શ્રી VIJAYBHAI sir*, તમારી ગાડી *GJ36V8910* નું *પાસિંગ (Fitness) તા. 14-01-2026* એ પૂરું થાય છે. ⚠️ પાસિંગ સમયસર ન કરાવવાથી ઓનલાઇન મેમો આવી શકે છે. કૃપા કરીને પાસિંગ નિયમિત રીતે કરાવજો.પાસિંગ ચાલુ ના હોય તો વીમા ક્લેમ પાસ થતો નથી. ✅ અમારી પાસે પાસિંગ, પરમીટ, લાઇસન્સ, નામ ટ્રાન્સફર, વીમો વગેરે RTO ને લગતી તમામ સર્વિસ ઉપલબ્ધ છે. — 📞 સંપર્ક કરો: ANJALI-8141489538 | 8141488962 🏢 *ટોર્ક ઓટો એડવાઇઝર* બીજા માળે, જીલ કોમ્પલેક્સ, અયોધ્યાપૂરી રોડ, જૂના બસ સ્ટેન્ડ પાસે, મોરબી 🌐 www.torqueautoadvisor.com ✉️ info@torqueautoadvisor.com GST No. 24ALBPL1123D1ZY IRDA Code: 1980390000 MSME: UDYAM-GJ-32-0014559 📍 Office Location: https://share.google/IdNJCnrf2jFCWten6
A100: ANJALI-8141489538 | B100: GJ36W2571 | C100: JAYESH RAHESHIYA | D100: 46037 | E100: 818 | F100: 16/01/24 | G100: 7405432762 | H100: ="💬 *TORQUE AUTO ADVISOR – FITNESS / PASSING REMINDER* " & CHAR(10) & "📍 *Morbi*" & CHAR(10) & CHAR(10) & "🧾 *શ્રી " & C100 & " sir*, તમારી ગાડી *" & B100 & "* નું *પાસિંગ (Fitness) તા. " & TEXT(D100,"DD-MM-yyyy") & "* એ પૂરું થાય છે." & CHAR(10) & CHAR(10) & "⚠️ પાસિંગ સમયસર ન કરાવવાથી ઓનલાઇન મેમો આવી શકે છે. કૃપા કરીને પાસિંગ નિયમિત રીતે કરાવજો.પાસિંગ ચાલુ ના હોય તો વીમા ક્લેમ પાસ થતો નથી." & CHAR(10) & CHAR(10) & "✅ અમારી પાસે પાસિંગ, પરમીટ, લાઇસન્સ, નામ ટ્રાન્સફર, વીમો વગેરે RTO ને લગતી તમામ સર્વિસ ઉપલબ્ધ છે. —" & CHAR(10) & "📞 સંપર્ક કરો: " & A100 & " | 8141488962" & CHAR(10) & CHAR(10) & "🏢 *ટોર્ક ઓટો એડવાઇઝર*" & CHAR(10) & "બીજા માળે, જીલ કોમ્પલેક્સ, અયોધ્યાપૂરી રોડ," & CHAR(10) & "જૂના બસ સ્ટેન્ડ પાસે, મોરબી" & CHAR(10) & CHAR(10) & "🌐 www.torqueautoadvisor.com" & CHAR(10) & "✉️ info@torqueautoadvisor.com" & CHAR(10) & CHAR(10) & "GST No. 24ALBPL1123D1ZY" & CHAR(10) & "IRDA Code: 1980390000" & CHAR(10) & "MSME: UDYAM-GJ-32-0014559"& CHAR(10) & CHAR(10) & "📍 Office Location: https://share.google/IdNJCnrf2jFCWten6" -> 💬 *TORQUE AUTO ADVISOR – FITNESS / PASSING REMINDER* 📍 *Morbi* 🧾 *શ્રી JAYESH RAHESHIYA sir*, તમારી ગાડી *GJ36W2571* નું *પાસિંગ (Fitness) તા. 15-01-2026* એ પૂરું થાય છે. ⚠️ પાસિંગ સમયસર ન કરાવવાથી ઓનલાઇન મેમો આવી શકે છે. કૃપા કરીને પાસિંગ નિયમિત રીતે કરાવજો.પાસિંગ ચાલુ ના હોય તો વીમા ક્લેમ પાસ થતો નથી. ✅ અમારી પાસે પાસિંગ, પરમીટ, લાઇસન્સ, નામ ટ્રાન્સફર, વીમો વગેરે RTO ને લગતી તમામ સર્વિસ ઉપલબ્ધ છે. — 📞 સંપર્ક કરો: ANJALI-8141489538 | 8141488962 🏢 *ટોર્ક ઓટો એડવાઇઝર* બીજા માળે, જીલ કોમ્પલેક્સ, અયોધ્યાપૂરી રોડ, જૂના બસ સ્ટેન્ડ પાસે, મોરબી 🌐 www.torqueautoadvisor.com ✉️ info@torqueautoadvisor.com GST No. 24ALBPL1123D1ZY IRDA Code: 1980390000 MSME: UDYAM-GJ-32-0014559 📍 Office Location: https://share.google/IdNJCnrf2jFCWten6
...

Sheet HIMAXI
A1: STAFF | B1: Vehicle No | C1: Owner Name | D1: Fitness Validity | E1: GVW (In Kg.) | F1: Registration Date | G1: CONTACT | H1: MESSAGE | I1: RESPONSE
A2: HIMAXI-7574968014 | B2: GJ11VV4325 | C2: JAYESH | D2: 46023 | E2: 3460 | F2: 45323 | G2: 6353021349 | H2: ="💬 *TORQUE AUTO ADVISOR – FITNESS / PASSING REMINDER* " & CHAR(10) & "📍 *Morbi*" & CHAR(10) & CHAR(10) & "🧾 *શ્રી " & C2 & " sir*, તમારી ગાડી *" & B2 & "* નું *પાસિંગ (Fitness) તા. " & TEXT(D2,"DD-MM-yyyy") & "* એ પૂરું થાય છે." & CHAR(10) & CHAR(10) & "⚠️ પાસિંગ સમયસર ન કરાવવાથી ઓનલાઇન મેમો આવી શકે છે. કૃપા કરીને પાસિંગ નિયમિત રીતે કરાવજો.પાસિંગ ચાલુ ના હોય તો વીમા ક્લેમ પાસ થતો નથી." & CHAR(10) & CHAR(10) & "✅ અમારી પાસે પાસિંગ, પરમીટ, લાઇસન્સ, નામ ટ્રાન્સફર, વીમો વગેરે RTO ને લગતી તમામ સર્વિસ ઉપલબ્ધ છે. —" & CHAR(10) & "📞 સંપર્ક કરો: " & A2 & " | 8141488962" & CHAR(10) & CHAR(10) & "🏢 *ટોર્ક ઓટો એડવાઇઝર*" & CHAR(10) & "બીજા માળે, જીલ કોમ્પલેક્સ, અયોધ્યાપૂરી રોડ," & CHAR(10) & "જૂના બસ સ્ટેન્ડ પાસે, મોરબી" & CHAR(10) & CHAR(10) & "🌐 www.torqueautoadvisor.com" & CHAR(10) & "✉️ info@torqueautoadvisor.com" & CHAR(10) & CHAR(10) & "GST No. 24ALBPL1123D1ZY" & CHAR(10) & "IRDA Code: 1980390000" & CHAR(10) & "MSME: UDYAM-GJ-32-0014559"& CHAR(10) & CHAR(10) & "📍 Office Location: https://share.google/IdNJCnrf2jFCWten6" -> 💬 *TORQUE AUTO ADVISOR – FITNESS / PASSING REMINDER* 📍 *Morbi* 🧾 *શ્રી JAYESH sir*, તમારી ગાડી *GJ11VV4325* નું *પાસિંગ (Fitness) તા. 01-01-2026* એ પૂરું થાય છે. ⚠️ પાસિંગ સમયસર ન કરાવવાથી ઓનલાઇન મેમો આવી શકે છે. કૃપા કરીને પાસિંગ નિયમિત રીતે કરાવજો.પાસિંગ ચાલુ ના હોય તો વીમા ક્લેમ પાસ થતો નથી. ✅ અમારી પાસે પાસિંગ, પરમીટ, લાઇસન્સ, નામ ટ્રાન્સફર, વીમો વગેરે RTO ને લગતી તમામ સર્વિસ ઉપલબ્ધ છે. — 📞 સંપર્ક કરો: HIMAXI-7574968014 | 8141488962 🏢 *ટોર્ક ઓટો એડવાઇઝર* બીજા માળે, જીલ કોમ્પલેક્સ, અયોધ્યાપૂરી રોડ, જૂના બસ સ્ટેન્ડ પાસે, મોરબી 🌐 www.torqueautoadvisor.com ✉️ info@torqueautoadvisor.com GST No. 24ALBPL1123D1ZY IRDA Code: 1980390000 MSME: UDYAM-GJ-32-0014559 📍 Office Location: https://share.google/IdNJCnrf2jFCWten6
A3: HIMAXI-7574968014 | B3: GJ24X5631 | C3: DEEPKUMAR PRAVINBHAI PATEL | D3: 46023 | E3: 1600 | F3: 45323 | G3: 7984208247 | H3: ="💬 *TORQUE AUTO ADVISOR – FITNESS / PASSING REMINDER* " & CHAR(10) & "📍 *Morbi*" & CHAR(10) & CHAR(10) & "🧾 *શ્રી " & C3 & " sir*, તમારી ગાડી *" & B3 & "* નું *પાસિંગ (Fitness) તા. " & TEXT(D3,"DD-MM-yyyy") & "* એ પૂરું થાય છે." & CHAR(10) & CHAR(10) & "⚠️ પાસિંગ સમયસર ન કરાવવાથી ઓનલાઇન મેમો આવી શકે છે. કૃપા કરીને પાસિંગ નિયમિત રીતે કરાવજો.પાસિંગ ચાલુ ના હોય તો વીમા ક્લેમ પાસ થતો નથી." & CHAR(10) & CHAR(10) & "✅ અમારી પાસે પાસિંગ, પરમીટ, લાઇસન્સ, નામ ટ્રાન્સફર, વીમો વગેરે RTO ને લગતી તમામ સર્વિસ ઉપલબ્ધ છે. —" & CHAR(10) & "📞 સંપર્ક કરો: " & A3 & " | 8141488962" & CHAR(10) & CHAR(10) & "🏢 *ટોર્ક ઓટો એડવાઇઝર*" & CHAR(10) & "બીજા માળે, જીલ કોમ્પલેક્સ, અયોધ્યાપૂરી રોડ," & CHAR(10) & "જૂના બસ સ્ટેન્ડ પાસે, મોરબી" & CHAR(10) & CHAR(10) & "🌐 www.torqueautoadvisor.com" & CHAR(10) & "✉️ info@torqueautoadvisor.com" & CHAR(10) & CHAR(10) & "GST No. 24ALBPL1123D1ZY" & CHAR(10) & "IRDA Code: 1980390000" & CHAR(10) & "MSME: UDYAM-GJ-32-0014559"& CHAR(10) & CHAR(10) & "📍 Office Location: https://share.google/IdNJCnrf2jFCWten6" -> 💬 *TORQUE AUTO ADVISOR – FITNESS / PASSING REMINDER* 📍 *Morbi* 🧾 *શ્રી DEEPKUMAR PRAVINBHAI PATEL sir*, તમારી ગાડી *GJ24X5631* નું *પાસિંગ (Fitness) તા. 01-01-2026* એ પૂરું થાય છે. ⚠️ પાસિંગ સમયસર ન કરાવવાથી ઓનલાઇન મેમો આવી શકે છે. કૃપા કરીને પાસિંગ નિયમિત રીતે કરાવજો.પાસિંગ ચાલુ ના હોય તો વીમા ક્લેમ પાસ થતો નથી. ✅ અમારી પાસે પાસિંગ, પરમીટ, લાઇસન્સ, નામ ટ્રાન્સફર, વીમો વગેરે RTO ને લગતી તમામ સર્વિસ ઉપલબ્ધ છે. — 📞 સંપર્ક કરો: HIMAXI-7574968014 | 8141488962 🏢 *ટોર્ક ઓટો એડવાઇઝર* બીજા માળે, જીલ કોમ્પલેક્સ, અયોધ્યાપૂરી રોડ, જૂના બસ સ્ટેન્ડ પાસે, મોરબી 🌐 www.torqueautoadvisor.com ✉️ info@torqueautoadvisor.com GST No. 24ALBPL1123D1ZY IRDA Code: 1980390000 MSME: UDYAM-GJ-32-0014559 📍 Office Location: https://share.google/IdNJCnrf2jFCWten6
A4: HIMAXI-7574968014 | B4: GJ01TA1254 | C4: PATHAN ASFAKBHAI | D4: 46023 | E4: 715 | F4: 42462 | G4: 9106270425 | H4: ="💬 *TORQUE AUTO ADVISOR – FITNESS / PASSING REMINDER* " & CHAR(10) & "📍 *Morbi*" & CHAR(10) & CHAR(10) & "🧾 *શ્રી " & C4 & " sir*, તમારી ગાડી *" & B4 & "* નું *પાસિંગ (Fitness) તા. " & TEXT(D4,"DD-MM-yyyy") & "* એ પૂરું થાય છે." & CHAR(10) & CHAR(10) & "⚠️ પાસિંગ સમયસર ન કરાવવાથી ઓનલાઇન મેમો આવી શકે છે. કૃપા કરીને પાસિંગ નિયમિત રીતે કરાવજો.પાસિંગ ચાલુ ના હોય તો વીમા ક્લેમ પાસ થતો નથી." & CHAR(10) & CHAR(10) & "✅ અમારી પાસે પાસિંગ, પરમીટ, લાઇસન્સ, નામ ટ્રાન્સફર, વીમો વગેરે RTO ને લગતી તમામ સર્વિસ ઉપલબ્ધ છે. —" & CHAR(10) & "📞 સંપર્ક કરો: " & A4 & " | 8141488962" & CHAR(10) & CHAR(10) & "🏢 *ટોર્ક ઓટો એડવાઇઝર*" & CHAR(10) & "બીજા માળે, જીલ કોમ્પલેક્સ, અયોધ્યાપૂરી રોડ," & CHAR(10) & "જૂના બસ સ્ટેન્ડ પાસે, મોરબી" & CHAR(10) & CHAR(10) & "🌐 www.torqueautoadvisor.com" & CHAR(10) & "✉️ info@torqueautoadvisor.com" & CHAR(10) & CHAR(10) & "GST No. 24ALBPL1123D1ZY" & CHAR(10) & "IRDA Code: 1980390000" & CHAR(10) & "MSME: UDYAM-GJ-32-0014559"& CHAR(10) & CHAR(10) & "📍 Office Location: https://share.google/IdNJCnrf2jFCWten6" -> 💬 *TORQUE AUTO ADVISOR – FITNESS / PASSING REMINDER* 📍 *Morbi* 🧾 *શ્રી PATHAN ASFAKBHAI sir*, તમારી ગાડી *GJ01TA1254* નું *પાસિંગ (Fitness) તા. 01-01-2026* એ પૂરું થાય છે. ⚠️ પાસિંગ સમયસર ન કરાવવાથી ઓનલાઇન મેમો આવી શકે છે. કૃપા કરીને પાસિંગ નિયમિત રીતે કરાવજો.પાસિંગ ચાલુ ના હોય તો વીમા ક્લેમ પાસ થતો નથી. ✅ અમારી પાસે પાસિંગ, પરમીટ, લાઇસન્સ, નામ ટ્રાન્સફર, વીમો વગેરે RTO ને લગતી તમામ સર્વિસ ઉપલબ્ધ છે. — 📞 સંપર્ક કરો: HIMAXI-7574968014 | 8141488962 🏢 *ટોર્ક ઓટો એડવાઇઝર* બીજા માળે, જીલ કોમ્પલેક્સ, અયોધ્યાપૂરી રોડ, જૂના બસ સ્ટેન્ડ પાસે, મોરબી 🌐 www.torqueautoadvisor.com ✉️ info@torqueautoadvisor.com GST No. 24ALBPL1123D1ZY IRDA Code: 1980390000 MSME: UDYAM-GJ-32-0014559 📍 Office Location: https://share.google/IdNJCnrf2jFCWten6
A5: HIMAXI-7574968014 | B5: GJ36T7963 | C5: PATANI ALTAFBHAI HAJIBHAI | D5: 46023 | E5: 3425 | F5: 43831 | G5: 9723129694 | H5: ="💬 *TORQUE AUTO ADVISOR – FITNESS / PASSING REMINDER* " & CHAR(10) & "📍 *Morbi*" & CHAR(10) & CHAR(10) & "🧾 *શ્રી " & C5 & " sir*, તમારી ગાડી *" & B5 & "* નું *પાસિંગ (Fitness) તા. " & TEXT(D5,"DD-MM-yyyy") & "* એ પૂરું થાય છે." & CHAR(10) & CHAR(10) & "⚠️ પાસિંગ સમયસર ન કરાવવાથી ઓનલાઇન મેમો આવી શકે છે. કૃપા કરીને પાસિંગ નિયમિત રીતે કરાવજો.પાસિંગ ચાલુ ના હોય તો વીમા ક્લેમ પાસ થતો નથી." & CHAR(10) & CHAR(10) & "✅ અમારી પાસે પાસિંગ, પરમીટ, લાઇસન્સ, નામ ટ્રાન્સફર, વીમો વગેરે RTO ને લગતી તમામ સર્વિસ ઉપલબ્ધ છે. —" & CHAR(10) & "📞 સંપર્ક કરો: " & A5 & " | 8141488962" & CHAR(10) & CHAR(10) & "🏢 *ટોર્ક ઓટો એડવાઇઝર*" & CHAR(10) & "બીજા માળે, જીલ કોમ્પલેક્સ, અયોધ્યાપૂરી રોડ," & CHAR(10) & "જૂના બસ સ્ટેન્ડ પાસે, મોરબી" & CHAR(10) & CHAR(10) & "🌐 www.torqueautoadvisor.com" & CHAR(10) & "✉️ info@torqueautoadvisor.com" & CHAR(10) & CHAR(10) & "GST No. 24ALBPL1123D1ZY" & CHAR(10) & "IRDA Code: 1980390000" & CHAR(10) & "MSME: UDYAM-GJ-32-0014559"& CHAR(10) & CHAR(10) & "📍 Office Location: https://share.google/IdNJCnrf2jFCWten6" -> 💬 *TORQUE AUTO ADVISOR – FITNESS / PASSING REMINDER* 📍 *Morbi* 🧾 *શ્રી PATANI ALTAFBHAI HAJIBHAI sir*, તમારી ગાડી *GJ36T7963* નું *પાસિંગ (Fitness) તા. 01-01-2026* એ પૂરું થાય છે. ⚠️ પાસિંગ સમયસર ન કરાવવાથી ઓનલાઇન મેમો આવી શકે છે. કૃપા કરીને પાસિંગ નિયમિત રીતે કરાવજો.પાસિંગ ચાલુ ના હોય તો વીમા ક્લેમ પાસ થતો નથી. ✅ અમારી પાસે પાસિંગ, પરમીટ, લાઇસન્સ, નામ ટ્રાન્સફર, વીમો વગેરે RTO ને લગતી તમામ સર્વિસ ઉપલબ્ધ છે. — 📞 સંપર્ક કરો: HIMAXI-7574968014 | 8141488962 🏢 *ટોર્ક ઓટો એડવાઇઝર* બીજા માળે, જીલ કોમ્પલેક્સ, અયોધ્યાપૂરી રોડ, જૂના બસ સ્ટેન્ડ પાસે, મોરબી 🌐 www.torqueautoadvisor.com ✉️ info@torqueautoadvisor.com GST No. 24ALBPL1123D1ZY IRDA Code: 1980390000 MSME: UDYAM-GJ-32-0014559 📍 Office Location: https://share.google/IdNJCnrf2jFCWten6
A6: HIMAXI-7574968014 | B6: GJ13AW6454 | C6: VINABHAI | D6: 46023 | E6: 2710 | F6: 43864 | G6: 9824756999 | H6: ="💬 *TORQUE AUTO ADVISOR – FITNESS / PASSING REMINDER* " & CHAR(10) & "📍 *Morbi*" & CHAR(10) & CHAR(10) & "🧾 *શ્રી " & C6 & " sir*, તમારી ગાડી *" & B6 & "* નું *પાસિંગ (Fitness) તા. " & TEXT(D6,"DD-MM-yyyy") & "* એ પૂરું થાય છે." & CHAR(10) & CHAR(10) & "⚠️ પાસિંગ સમયસર ન કરાવવાથી ઓનલાઇન મેમો આવી શકે છે. કૃપા કરીને પાસિંગ નિયમિત રીતે કરાવજો.પાસિંગ ચાલુ ના હોય તો વીમા ક્લેમ પાસ થતો નથી." & CHAR(10) & CHAR(10) & "✅ અમારી પાસે પાસિંગ, પરમીટ, લાઇસન્સ, નામ ટ્રાન્સફર, વીમો વગેરે RTO ને લગતી તમામ સર્વિસ ઉપલબ્ધ છે. —" & CHAR(10) & "📞 સંપર્ક કરો: " & A6 & " | 8141488962" & CHAR(10) & CHAR(10) & "🏢 *ટોર્ક ઓટો એડવાઇઝર*" & CHAR(10) & "બીજા માળે, જીલ કોમ્પલેક્સ, અયોધ્યાપૂરી રોડ," & CHAR(10) & "જૂના બસ સ્ટેન્ડ પાસે, મોરબી" & CHAR(10) & CHAR(10) & "🌐 www.torqueautoadvisor.com" & CHAR(10) & "✉️ info@torqueautoadvisor.com" & CHAR(10) & CHAR(10) & "GST No. 24ALBPL1123D1ZY" & CHAR(10) & "IRDA Code: 1980390000" & CHAR(10) & "MSME: UDYAM-GJ-32-0014559"& CHAR(10) & CHAR(10) & "📍 Office Location: https://share.google/IdNJCnrf2jFCWten6" -> 💬 *TORQUE AUTO ADVISOR – FITNESS / PASSING REMINDER* 📍 *Morbi* 🧾 *શ્રી VINABHAI sir*, તમારી ગાડી *GJ13AW6454* નું *પાસિંગ (Fitness) તા. 01-01-2026* એ પૂરું થાય છે. ⚠️ પાસિંગ સમયસર ન કરાવવાથી ઓનલાઇન મેમો આવી શકે છે. કૃપા કરીને પાસિંગ નિયમિત રીતે કરાવજો.પાસિંગ ચાલુ ના હોય તો વીમા ક્લેમ પાસ થતો નથી. ✅ અમારી પાસે પાસિંગ, પરમીટ, લાઇસન્સ, નામ ટ્રાન્સફર, વીમો વગેરે RTO ને લગતી તમામ સર્વિસ ઉપલબ્ધ છે. — 📞 સંપર્ક કરો: HIMAXI-7574968014 | 8141488962 🏢 *ટોર્ક ઓટો એડવાઇઝર* બીજા માળે, જીલ કોમ્પલેક્સ, અયોધ્યાપૂરી રોડ, જૂના બસ સ્ટેન્ડ પાસે, મોરબી 🌐 www.torqueautoadvisor.com ✉️ info@torqueautoadvisor.com GST No. 24ALBPL1123D1ZY IRDA Code: 1980390000 MSME: UDYAM-GJ-32-0014559 📍 Office Location: https://share.google/IdNJCnrf2jFCWten6
A7: HIMAXI-7574968014 | B7: GJ03AW4765 | C7: AGRAVAT PARTH | D7: 46023 | E7: 7490 | F7: 29/11/11 | G7: 9825643742 | H7: ="💬 *TORQUE AUTO ADVISOR – FITNESS / PASSING REMINDER* " & CHAR(10) & "📍 *Morbi*" & CHAR(10) & CHAR(10) & "🧾 *શ્રી " & C7 & " sir*, તમારી ગાડી *" & B7 & "* નું *પાસિંગ (Fitness) તા. " & TEXT(D7,"DD-MM-yyyy") & "* એ પૂરું થાય છે." & CHAR(10) & CHAR(10) & "⚠️ પાસિંગ સમયસર ન કરાવવાથી ઓનલાઇન મેમો આવી શકે છે. કૃપા કરીને પાસિંગ નિયમિત રીતે કરાવજો.પાસિંગ ચાલુ ના હોય તો વીમા ક્લેમ પાસ થતો નથી." & CHAR(10) & CHAR(10) & "✅ અમારી પાસે પાસિંગ, પરમીટ, લાઇસન્સ, નામ ટ્રાન્સફર, વીમો વગેરે RTO ને લગતી તમામ સર્વિસ ઉપલબ્ધ છે. —" & CHAR(10) & "📞 સંપર્ક કરો: " & A7 & " | 8141488962" & CHAR(10) & CHAR(10) & "🏢 *ટોર્ક ઓટો એડવાઇઝર*" & CHAR(10) & "બીજા માળે, જીલ કોમ્પલેક્સ, અયોધ્યાપૂરી રોડ," & CHAR(10) & "જૂના બસ સ્ટેન્ડ પાસે, મોરબી" & CHAR(10) & CHAR(10) & "🌐 www.torqueautoadvisor.com" & CHAR(10) & "✉️ info@torqueautoadvisor.com" & CHAR(10) & CHAR(10) & "GST No. 24ALBPL1123D1ZY" & CHAR(10) & "IRDA Code: 1980390000" & CHAR(10) & "MSME: UDYAM-GJ-32-0014559"& CHAR(10) & CHAR(10) & "📍 Office Location: https://share.google/IdNJCnrf2jFCWten6" -> 💬 *TORQUE AUTO ADVISOR – FITNESS / PASSING REMINDER* 📍 *Morbi* 🧾 *શ્રી AGRAVAT PARTH sir*, તમારી ગાડી *GJ03AW4765* નું *પાસિંગ (Fitness) તા. 01-01-2026* એ પૂરું થાય છે. ⚠️ પાસિંગ સમયસર ન કરાવવાથી ઓનલાઇન મેમો આવી શકે છે. કૃપા કરીને પાસિંગ નિયમિત રીતે કરાવજો.પાસિંગ ચાલુ ના હોય તો વીમા ક્લેમ પાસ થતો નથી. ✅ અમારી પાસે પાસિંગ, પરમીટ, લાઇસન્સ, નામ ટ્રાન્સફર, વીમો વગેરે RTO ને લગતી તમામ સર્વિસ ઉપલબ્ધ છે. — 📞 સંપર્ક કરો: HIMAXI-7574968014 | 8141488962 🏢 *ટોર્ક ઓટો એડવાઇઝર* બીજા માળે, જીલ કોમ્પલેક્સ, અયોધ્યાપૂરી રોડ, જૂના બસ સ્ટેન્ડ પાસે, મોરબી 🌐 www.torqueautoadvisor.com ✉️ info@torqueautoadvisor.com GST No. 24ALBPL1123D1ZY IRDA Code: 1980390000 MSME: UDYAM-GJ-32-0014559 📍 Office Location: https://share.google/IdNJCnrf2jFCWten6
